batch_id,record_id,source_a_id,source_a_amount,source_a_date,source_a_description,source_a_reference,source_b_id,source_b_amount,source_b_date,source_b_description,source_b_reference,expected_status,anomaly_type,fee_amount
batch-synth-v1,TXN-5001,BNK-SBI-1001,84054.15,2026-09-02,IMPS INWARD-704596A-MERCHANT DISBURSEMENT,REF-704596A,PAY-RZP-2001,84054.15,2026-09-02,Merchant disbursement net of platform fees,PO-704596A,matched,none,0.0
batch-synth-v1,TXN-5002,BNK-AXIS-1002,20259.52,2026-09-11,UPI CR-877991B-INSTANT SETTLEMENT,REF-877991B,GW-RZP-2002,20259.52,2026-09-11,Daily automated merchant credit,PO-877991B,matched,none,0.0
batch-synth-v1,TXN-5003,BNK-SBI-1003,16773.82,2026-09-06,UPI CR-429164C-INSTANT SETTLEMENT,REF-429164C,PO-RZP-2003,16773.82,2026-09-06,Razorpay payout Subscription settlement batch,PO-429164C,matched,none,0.0
batch-synth-v1,TXN-5004,BNK-KOTAK-1004,66832.5,2026-09-09,TRANSFER-301158D-DAILY SETTLEMENT SWEEP,REF-301158D,PO-RZP-2004,66832.5,2026-09-09,Daily automated merchant credit,PO-301158D,matched,none,0.0
batch-synth-v1,TXN-5005,BNK-ICICI-1005,10448.84,2026-09-14,RTGS CR-418635E-BULK PAYOUT BATCH,REF-418635E,PAY-RZP-2005,10448.84,2026-09-14,Gateway settlement auto-sweep SaaS,PO-418635E,matched,none,0.0
batch-synth-v1,TXN-5006,BNK-KOTAK-1006,51529.59,2026-09-04,UPI CR-596171F-INSTANT SETTLEMENT,REF-596171F,PAY-RZP-2006,50876.28,2026-09-06,Gateway settlement auto-sweep Subscription,PO-596171F,flagged,fee_and_date_drift,653.31
batch-synth-v1,TXN-5007,BNK-ICICI-1007,20260.79,2026-09-03,IMPS INWARD-148458G-MERCHANT DISBURSEMENT,REF-148458G,PAY-RZP-2007,20260.79,2026-09-03,Customer checkout collection settlement,PO-148458G,matched,none,0.0
batch-synth-v1,TXN-5008,BNK-AXIS-1008,68100.75,2026-09-07,IMPS INWARD-519066H-MERCHANT DISBURSEMENT,REF-519066H,PO-RZP-2008,66908.92,2026-09-08,Gateway settlement auto-sweep Enterprise,PO-519066H,flagged,fee_and_date_drift,1191.83
batch-synth-v1,TXN-5009,BNK-ICICI-1009,52872.99,2026-09-09,NEFT CR-989545I-RAZORPAY SETTLEMENT-E-Commerce,REF-989545I,GW-RZP-2009,52872.99,2026-09-09,Customer checkout collection settlement,PO-989545I,matched,none,0.0
batch-synth-v1,TXN-5010,BNK-AXIS-1010,14193.67,2026-09-06,ACH CR-564071J-SUBSCRIPTION POOL-B2B Services,REF-564071J,PAY-RZP-2010,14193.67,2026-09-06,Daily automated merchant credit,PO-564071J,matched,none,0.0
batch-synth-v1,TXN-5011,BNK-KOTAK-1011,53480.47,2026-09-05,UPI CR-359249K-INSTANT SETTLEMENT,REF-359249K,PO-RZP-2011,53480.47,2026-09-05,Merchant disbursement net of platform fees,PO-359249K,matched,none,0.0
batch-synth-v1,TXN-5012,BNK-ICICI-1012,17981.85,2026-09-04,RTGS CR-452161L-BULK PAYOUT BATCH,REF-452161L,PO-RZP-2012,17981.85,2026-09-04,Recurring subscription payout batch,PO-452161L,matched,none,0.0
batch-synth-v1,TXN-5013,BNK-ICICI-1013,17501.77,2026-09-12,TRANSFER-167348M-DAILY SETTLEMENT SWEEP,REF-167348M,GW-RZP-2013,17501.77,2026-09-14,Customer checkout collection settlement,PO-167348M,flagged,settlement_date_drift,0.0
batch-synth-v1,TXN-5014,BNK-HDFC-1014,71187.75,2026-09-12,ACH CR-998348N-SUBSCRIPTION POOL-SaaS,REF-998348N,GW-RZP-2014,71187.75,2026-09-13,Customer checkout collection settlement,PO-998348N,flagged,settlement_date_drift,0.0
batch-synth-v1,TXN-5015,BNK-SBI-1015,154138.51,2026-09-12,ACH CR-672661O-SUBSCRIPTION POOL-D2C,REF-672661O,PO-RZP-2015,154138.51,2026-09-12,Gateway settlement auto-sweep D2C,PO-672661O,matched,none,0.0
batch-synth-v1,TXN-5016,BNK-ICICI-1016,1211.11,2026-09-06,TRANSFER-812131P-DAILY SETTLEMENT SWEEP,REF-812131P,PO-RZP-2016,1211.11,2026-09-06,Daily automated merchant credit,PO-812131P,matched,none,0.0
batch-synth-v1,TXN-5017,BNK-AXIS-1017,79415.73,2026-09-10,NEFT CR-795205Q-RAZORPAY SETTLEMENT-Subscription,REF-795205Q,GW-RZP-2017,79415.73,2026-09-10,Razorpay payout Subscription settlement batch,PO-795205Q,matched,none,0.0
batch-synth-v1,TXN-5018,BNK-ICICI-1018,6873.83,2026-09-06,RTGS CR-576786R-BULK PAYOUT BATCH,REF-576786R,PO-RZP-2018,6873.83,2026-09-06,Merchant disbursement net of platform fees,PO-576786R,matched,none,0.0
batch-synth-v1,TXN-5019,BNK-SBI-1019,2506.7,2026-09-01,NEFT CR-665621S-RAZORPAY SETTLEMENT-D2C,REF-665621S,PO-RZP-2019,2506.7,2026-09-01,Merchant disbursement net of platform fees,PO-665621S,matched,none,0.0
batch-synth-v1,TXN-5020,BNK-HDFC-1020,1260.23,2026-09-04,NEFT CR-979995T-RAZORPAY SETTLEMENT-E-Commerce,REF-979995T,PAY-RZP-2020,1260.23,2026-09-04,Recurring subscription payout batch,PO-979995T,matched,none,0.0
batch-synth-v1,TXN-5021,BNK-ICICI-1021,3302.54,2026-09-04,RTGS CR-833442U-BULK PAYOUT BATCH,REF-833442U,GW-RZP-2021,3302.54,2026-09-04,Merchant disbursement net of platform fees,PO-833442U,matched,none,0.0
batch-synth-v1,TXN-5022,BNK-KOTAK-1022,71667.51,2026-09-03,ACH CR-213349V-SUBSCRIPTION POOL-Vendor,REF-213349V,PAY-RZP-2022,71667.51,2026-09-03,Razorpay payout Vendor settlement batch,PO-213349V,matched,none,0.0
batch-synth-v1,TXN-5023,BNK-KOTAK-1023,81488.24,2026-09-04,UPI CR-720859W-INSTANT SETTLEMENT,REF-720859W,PAY-RZP-2023,81488.24,2026-09-04,Daily automated merchant credit,PO-720859W,matched,none,0.0
batch-synth-v1,TXN-5024,BNK-HDFC-1024,61024.7,2026-09-02,NEFT CR-693423X-RAZORPAY SETTLEMENT-B2B Services,REF-693423X,PAY-RZP-2024,61024.7,2026-09-02,Merchant disbursement net of platform fees,PO-693423X,matched,none,0.0
batch-synth-v1,TXN-5025,BNK-SBI-1025,8860.16,2026-09-14,TRANSFER-962276Y-DAILY SETTLEMENT SWEEP,REF-962276Y,GW-RZP-2025,8860.16,2026-09-16,Razorpay payout Enterprise settlement batch,PO-962276Y,flagged,settlement_date_drift,0.0
batch-synth-v1,TXN-5026,BNK-ICICI-1026,13282.8,2026-09-11,ACH CR-745830Z-SUBSCRIPTION POOL-Vendor,REF-745830Z,PO-RZP-2026,13282.8,2026-09-13,Customer checkout collection settlement,PO-745830Z,flagged,settlement_date_drift,0.0
batch-synth-v1,TXN-5027,BNK-SBI-1027,77897.87,2026-09-04,ACH CR-587282A-SUBSCRIPTION POOL-B2B Services,REF-587282A,GW-RZP-2027,77897.87,2026-09-04,Recurring subscription payout batch,PO-587282A,matched,none,0.0
batch-synth-v1,TXN-5028,BNK-SBI-1028,8462.85,2026-09-08,RTGS CR-472060B-BULK PAYOUT BATCH,REF-472060B,GW-RZP-2028,8462.85,2026-09-08,Merchant disbursement net of platform fees,PO-472060B,matched,none,0.0
batch-synth-v1,TXN-5029,BNK-KOTAK-1029,55997.64,2026-09-04,UPI CR-353080C-INSTANT SETTLEMENT,REF-353080C,PAY-RZP-2029,55997.64,2026-09-04,Customer checkout collection settlement,PO-353080C,matched,none,0.0
batch-synth-v1,TXN-5030,BNK-KOTAK-1030,54449.28,2026-09-13,RTGS CR-197573D-BULK PAYOUT BATCH,REF-197573D,GW-RZP-2030,24502.18,2026-09-16,Gateway settlement auto-sweep SaaS,PO-825391M,mismatched,severe_mismatch,0.0
batch-synth-v1,TXN-5031,BNK-SBI-1031,12094.88,2026-09-09,UPI CR-546173E-INSTANT SETTLEMENT,REF-546173E,PAY-RZP-2031,12094.88,2026-09-09,Recurring subscription payout batch,PO-546173E,matched,none,0.0
batch-synth-v1,TXN-5032,BNK-SBI-1032,8012.26,2026-09-04,IMPS INWARD-856321F-MERCHANT DISBURSEMENT,REF-856321F,PAY-RZP-2032,8012.26,2026-09-04,Merchant disbursement net of platform fees,PO-856321F,matched,none,0.0
batch-synth-v1,TXN-5033,BNK-KOTAK-1033,5801.42,2026-09-08,ACH CR-859782G-SUBSCRIPTION POOL-Vendor,REF-859782G,PAY-RZP-2033,5801.42,2026-09-08,Recurring subscription payout batch,PO-859782G,matched,none,0.0
batch-synth-v1,TXN-5034,BNK-HDFC-1034,9341.59,2026-09-05,ACH CR-842411H-SUBSCRIPTION POOL-SaaS,REF-842411H,GW-RZP-2034,9341.59,2026-09-05,Gateway settlement auto-sweep SaaS,PO-842411H,matched,none,0.0
batch-synth-v1,TXN-5035,BNK-HDFC-1035,17586.73,2026-09-03,TRANSFER-889359I-DAILY SETTLEMENT SWEEP,REF-889359I,GW-RZP-2035,17586.73,2026-09-03,Razorpay payout D2C settlement batch,PO-889359I,matched,none,0.0
batch-synth-v1,TXN-5036,BNK-KOTAK-1036,11291.49,2026-09-03,TRANSFER-364742J-DAILY SETTLEMENT SWEEP,REF-364742J,PO-RZP-2036,11291.49,2026-09-03,Razorpay payout SaaS settlement batch,PO-364742J,matched,none,0.0
batch-synth-v1,TXN-5037,BNK-AXIS-1037,15921.42,2026-09-01,ACH CR-256445K-SUBSCRIPTION POOL-E-Commerce,REF-256445K,PO-RZP-2037,15921.42,2026-09-01,Merchant disbursement net of platform fees,PO-256445K,matched,none,0.0
batch-synth-v1,TXN-5038,BNK-ICICI-1038,10696.26,2026-09-10,IMPS INWARD-748458L-MERCHANT DISBURSEMENT,REF-748458L,GW-RZP-2038,10696.26,2026-09-10,Recurring subscription payout batch,PO-748458L,matched,none,0.0
batch-synth-v1,TXN-5039,BNK-AXIS-1039,14918.87,2026-09-07,ACH CR-696251M-SUBSCRIPTION POOL-Vendor,REF-696251M,PO-RZP-2039,14918.87,2026-09-07,Razorpay payout Vendor settlement batch,PO-696251M,matched,none,0.0
batch-synth-v1,TXN-5040,BNK-ICICI-1040,16680.49,2026-09-03,ACH CR-282256N-SUBSCRIPTION POOL-E-Commerce,REF-282256N,PAY-RZP-2040,525.42,2026-09-10,Unrelated ad-hoc vendor settlement,PO-822858Z,mismatched,orphaned_bank_record,0.0
batch-synth-v1,TXN-5041,BNK-SBI-1041,17820.42,2026-09-12,NEFT CR-576086O-RAZORPAY SETTLEMENT-B2B Services,REF-576086O,GW-RZP-2041,17820.42,2026-09-12,Daily automated merchant credit,PO-576086O,matched,none,0.0
batch-synth-v1,TXN-5042,BNK-SBI-1042,20195.69,2026-09-04,ACH CR-220351P-SUBSCRIPTION POOL-Enterprise,REF-220351P,PAY-RZP-2042,20195.69,2026-09-04,Gateway settlement auto-sweep Enterprise,PO-220351P,matched,none,0.0
batch-synth-v1,TXN-5043,BNK-SBI-1043,4565.11,2026-09-05,ACH CR-885339Q-SUBSCRIPTION POOL-Subscription,REF-885339Q,GW-RZP-2043,4565.11,2026-09-05,Merchant disbursement net of platform fees,PO-885339Q,matched,none,0.0
batch-synth-v1,TXN-5044,BNK-HDFC-1044,81560.57,2026-09-09,TRANSFER-617781R-DAILY SETTLEMENT SWEEP,REF-617781R,PO-RZP-2044,81560.57,2026-09-09,Razorpay payout Subscription settlement batch,PO-617781R,matched,none,0.0
batch-synth-v1,TXN-5045,BNK-AXIS-1045,6634.01,2026-09-02,ACH CR-807053S-SUBSCRIPTION POOL-E-Commerce,REF-807053S,PAY-RZP-2045,6501.35,2026-09-02,Recurring subscription payout batch,PO-807053S,flagged,gateway_fee_deduction,132.66
batch-synth-v1,TXN-5046,BNK-KOTAK-1046,56137.83,2026-09-08,ACH CR-290305T-SUBSCRIPTION POOL-Vendor,REF-290305T,GW-RZP-2046,56137.83,2026-09-08,Customer checkout collection settlement,PO-290305T,matched,none,0.0
batch-synth-v1,TXN-5047,BNK-HDFC-1047,8666.06,2026-09-11,IMPS INWARD-999398U-MERCHANT DISBURSEMENT,REF-999398U,PO-RZP-2047,8666.06,2026-09-11,Merchant disbursement net of platform fees,PO-999398U,matched,none,0.0
batch-synth-v1,TXN-5048,BNK-AXIS-1048,70629.99,2026-09-01,RTGS CR-192337V-BULK PAYOUT BATCH,REF-192337V,PO-RZP-2048,70629.99,2026-09-01,Merchant disbursement net of platform fees,PO-192337V,matched,none,0.0
batch-synth-v1,TXN-5049,BNK-HDFC-1049,25069.06,2026-09-14,TRANSFER-584417W-DAILY SETTLEMENT SWEEP,REF-584417W,PO-RZP-2049,5425.17,2026-09-22,Unrelated ad-hoc vendor settlement,PO-893188Z,mismatched,orphaned_bank_record,0.0
batch-synth-v1,TXN-5050,BNK-AXIS-1050,13955.88,2026-09-15,UPI CR-559398X-INSTANT SETTLEMENT,REF-559398X,GW-RZP-2050,13955.88,2026-09-15,Customer checkout collection settlement,PO-559398X,matched,none,0.0
batch-synth-v1,TXN-5051,BNK-HDFC-1051,34502.69,2026-09-09,TRANSFER-679077Y-DAILY SETTLEMENT SWEEP,REF-679077Y,PAY-RZP-2051,34502.69,2026-09-09,Razorpay payout SaaS settlement batch,PO-679077Y,matched,none,0.0
batch-synth-v1,TXN-5052,BNK-HDFC-1052,34238.27,2026-09-15,ACH CR-406039Z-SUBSCRIPTION POOL-D2C,REF-406039Z,PO-RZP-2052,34238.27,2026-09-15,Daily automated merchant credit,PO-406039Z,matched,none,0.0
batch-synth-v1,TXN-5053,BNK-AXIS-1053,58075.9,2026-09-07,ACH CR-728492A-SUBSCRIPTION POOL-E-Commerce,REF-728492A,PO-RZP-2053,58075.9,2026-09-07,Daily automated merchant credit,PO-728492A,matched,none,0.0
batch-synth-v1,TXN-5054,BNK-HDFC-1054,45392.51,2026-09-13,NEFT CR-380150B-RAZORPAY SETTLEMENT-Subscription,REF-380150B,PO-RZP-2054,45392.51,2026-09-13,Merchant disbursement net of platform fees,PO-380150B,matched,none,0.0
batch-synth-v1,TXN-5055,BNK-KOTAK-1055,33915.73,2026-09-09,RTGS CR-461888C-BULK PAYOUT BATCH,REF-461888C,PAY-RZP-2055,33915.73,2026-09-09,Recurring subscription payout batch,PO-461888C,matched,none,0.0
batch-synth-v1,TXN-5056,BNK-AXIS-1056,124402.91,2026-09-07,TRANSFER-997594D-DAILY SETTLEMENT SWEEP,REF-997594D,PO-RZP-2056,124402.91,2026-09-07,Razorpay payout E-Commerce settlement batch,PO-997594D,matched,none,0.0
batch-synth-v1,TXN-5057,BNK-AXIS-1057,84304.84,2026-09-13,IMPS INWARD-783691E-MERCHANT DISBURSEMENT,REF-783691E,PAY-RZP-2057,84304.84,2026-09-13,Customer checkout collection settlement,PO-783691E,matched,none,0.0
batch-synth-v1,TXN-5058,BNK-ICICI-1058,31021.88,2026-09-14,ACH CR-204555F-SUBSCRIPTION POOL-Enterprise,REF-204555F,PAY-RZP-2058,31021.88,2026-09-14,Customer checkout collection settlement,PO-204555F,matched,none,0.0
batch-synth-v1,TXN-5059,BNK-ICICI-1059,97346.66,2026-09-13,ACH CR-455007G-SUBSCRIPTION POOL-Vendor,REF-455007G,PO-RZP-2059,97346.66,2026-09-13,Daily automated merchant credit,PO-455007G,matched,none,0.0
batch-synth-v1,TXN-5060,BNK-HDFC-1060,47800.56,2026-09-06,TRANSFER-853629H-DAILY SETTLEMENT SWEEP,REF-853629H,PO-RZP-2060,44926.36,2026-09-06,Recurring subscription payout batch,PO-853629H,mismatched,unexplained_amount_delta,0.0
batch-synth-v1,TXN-5061,BNK-SBI-1061,30906.59,2026-09-11,TRANSFER-205389I-DAILY SETTLEMENT SWEEP,REF-205389I,GW-RZP-2061,77266.475,2026-09-16,Legacy customer refund without bank tag,PO-148225X,mismatched,orphaned_gateway_record,0.0
batch-synth-v1,TXN-5062,BNK-HDFC-1062,11051.83,2026-09-04,ACH CR-532067J-SUBSCRIPTION POOL-Subscription,REF-532067J,PO-RZP-2062,10904.18,2026-09-04,Daily automated merchant credit,PO-532067J,flagged,gateway_fee_deduction,147.65
batch-synth-v1,TXN-5063,BNK-KOTAK-1063,79769.74,2026-09-03,UPI CR-583550K-INSTANT SETTLEMENT,REF-583550K,PO-RZP-2063,79769.74,2026-09-03,Merchant disbursement net of platform fees,PO-583550K,matched,none,0.0
batch-synth-v1,TXN-5064,BNK-SBI-1064,20213.51,2026-09-15,ACH CR-810526L-SUBSCRIPTION POOL-Vendor,REF-810526L,PAY-RZP-2064,20213.51,2026-09-15,Gateway settlement auto-sweep Vendor,PO-810526L,matched,none,0.0
batch-synth-v1,TXN-5065,BNK-AXIS-1065,82721.74,2026-09-12,RTGS CR-579027M-BULK PAYOUT BATCH,REF-579027M,PO-RZP-2065,82721.74,2026-09-14,Gateway settlement auto-sweep Vendor,PO-579027M,flagged,settlement_date_drift,0.0
batch-synth-v1,TXN-5066,BNK-ICICI-1066,14582.89,2026-09-12,UPI CR-123005N-INSTANT SETTLEMENT,REF-123005N,PO-RZP-2066,14582.89,2026-09-12,Customer checkout collection settlement,PO-123005N,matched,none,0.0
batch-synth-v1,TXN-5067,BNK-HDFC-1067,83416.17,2026-09-15,TRANSFER-881369O-DAILY SETTLEMENT SWEEP,REF-881369O,PAY-RZP-2067,83416.17,2026-09-15,Merchant disbursement net of platform fees,PO-881369O,matched,none,0.0
batch-synth-v1,TXN-5068,BNK-KOTAK-1068,5158.23,2026-09-05,UPI CR-892280P-INSTANT SETTLEMENT,REF-892280P,PO-RZP-2068,5158.23,2026-09-05,Daily automated merchant credit,PO-892280P,matched,none,0.0
batch-synth-v1,TXN-5069,BNK-HDFC-1069,51449.39,2026-09-10,IMPS INWARD-867934Q-MERCHANT DISBURSEMENT,REF-867934Q,PAY-RZP-2069,128623.475,2026-09-20,Legacy customer refund without bank tag,PO-883790X,mismatched,orphaned_gateway_record,0.0
batch-synth-v1,TXN-5070,BNK-ICICI-1070,13715.49,2026-09-06,RTGS CR-626169R-BULK PAYOUT BATCH,REF-626169R,GW-RZP-2070,13715.49,2026-09-06,Gateway settlement auto-sweep Subscription,PO-626169R,matched,none,0.0
batch-synth-v1,TXN-5071,BNK-AXIS-1071,31910.18,2026-09-02,IMPS INWARD-890785S-MERCHANT DISBURSEMENT,REF-890785S,PO-RZP-2071,31910.18,2026-09-02,Daily automated merchant credit,PO-890785S,matched,none,0.0
batch-synth-v1,TXN-5072,BNK-KOTAK-1072,10167.08,2026-09-05,TRANSFER-229592T-DAILY SETTLEMENT SWEEP,REF-229592T,PO-RZP-2072,10167.08,2026-09-05,Merchant disbursement net of platform fees,PO-229592T,matched,none,0.0
batch-synth-v1,TXN-5073,BNK-KOTAK-1073,102877.11,2026-09-04,ACH CR-126240U-SUBSCRIPTION POOL-Enterprise,REF-126240U,PO-RZP-2073,102877.11,2026-09-04,Recurring subscription payout batch,PO-126240U,matched,none,0.0
batch-synth-v1,TXN-5074,BNK-KOTAK-1074,52856.05,2026-09-12,TRANSFER-780776V-DAILY SETTLEMENT SWEEP,REF-780776V,GW-RZP-2074,52856.05,2026-09-12,Razorpay payout Vendor settlement batch,PO-780776V,matched,none,0.0
batch-synth-v1,TXN-5075,BNK-HDFC-1075,12569.3,2026-09-02,IMPS INWARD-663658W-MERCHANT DISBURSEMENT,REF-663658W,GW-RZP-2075,12569.3,2026-09-02,Customer checkout collection settlement,PO-663658W,matched,none,0.0
batch-synth-v1,TXN-5076,BNK-SBI-1076,57411.55,2026-09-10,IMPS INWARD-861894X-MERCHANT DISBURSEMENT,REF-861894X,PAY-RZP-2076,56677.13,2026-09-12,Customer checkout collection settlement,PO-861894X,flagged,fee_and_date_drift,734.42
batch-synth-v1,TXN-5077,BNK-SBI-1077,51681.75,2026-09-04,NEFT CR-480303Y-RAZORPAY SETTLEMENT-B2B Services,REF-480303Y,GW-RZP-2077,129204.375,2026-09-14,Legacy customer refund without bank tag,PO-163491X,mismatched,orphaned_gateway_record,0.0
batch-synth-v1,TXN-5078,BNK-SBI-1078,220991.53,2026-09-02,UPI CR-322409Z-INSTANT SETTLEMENT,REF-322409Z,GW-RZP-2078,220526.57,2026-09-02,Daily automated merchant credit,PO-322409Z,mismatched,unexplained_amount_delta,0.0
batch-synth-v1,TXN-5079,BNK-ICICI-1079,74789.07,2026-09-09,IMPS INWARD-714867A-MERCHANT DISBURSEMENT,REF-714867A,GW-RZP-2079,74789.07,2026-09-09,Gateway settlement auto-sweep E-Commerce,PO-714867A,matched,none,0.0
batch-synth-v1,TXN-5080,BNK-ICICI-1080,21530.95,2026-09-03,RTGS CR-666456B-BULK PAYOUT BATCH,REF-666456B,PAY-RZP-2080,21530.95,2026-09-03,Gateway settlement auto-sweep E-Commerce,PO-666456B,matched,none,0.0
batch-synth-v1,TXN-5081,BNK-HDFC-1081,19854.62,2026-09-04,NEFT CR-439498C-RAZORPAY SETTLEMENT-Subscription,REF-439498C,GW-RZP-2081,19854.62,2026-09-04,Gateway settlement auto-sweep Subscription,PO-439498C,matched,none,0.0
batch-synth-v1,TXN-5082,BNK-HDFC-1082,69739.92,2026-09-08,RTGS CR-915809D-BULK PAYOUT BATCH,REF-915809D,GW-RZP-2082,69739.92,2026-09-08,Recurring subscription payout batch,PO-915809D,matched,none,0.0
batch-synth-v1,TXN-5083,BNK-AXIS-1083,15570.12,2026-09-12,ACH CR-790909E-SUBSCRIPTION POOL-B2B Services,REF-790909E,PAY-RZP-2083,15570.12,2026-09-12,Merchant disbursement net of platform fees,PO-790909E,matched,none,0.0
batch-synth-v1,TXN-5084,BNK-HDFC-1084,50576.42,2026-09-02,TRANSFER-847006F-DAILY SETTLEMENT SWEEP,REF-847006F,GW-RZP-2084,50576.42,2026-09-02,Razorpay payout Enterprise settlement batch,PO-847006F,matched,none,0.0
batch-synth-v1,TXN-5085,BNK-SBI-1085,3591.69,2026-09-10,ACH CR-713799G-SUBSCRIPTION POOL-D2C,REF-713799G,PAY-RZP-2085,3591.69,2026-09-10,Daily automated merchant credit,PO-713799G,matched,none,0.0
batch-synth-v1,TXN-5086,BNK-AXIS-1086,11616.03,2026-09-10,UPI CR-203996H-INSTANT SETTLEMENT,REF-203996H,PAY-RZP-2086,11616.03,2026-09-10,Razorpay payout Enterprise settlement batch,PO-203996H,matched,none,0.0
batch-synth-v1,TXN-5087,BNK-AXIS-1087,74645.15,2026-09-07,NEFT CR-865054I-RAZORPAY SETTLEMENT-Enterprise,REF-865054I,PO-RZP-2087,74645.15,2026-09-07,Merchant disbursement net of platform fees,PO-865054I,matched,none,0.0
batch-synth-v1,TXN-5088,BNK-SBI-1088,23863.02,2026-09-11,NEFT CR-170394J-RAZORPAY SETTLEMENT-Enterprise,REF-170394J,PAY-RZP-2088,21777.54,2026-09-11,Razorpay payout Enterprise settlement batch,PO-170394J,mismatched,unexplained_amount_delta,0.0
batch-synth-v1,TXN-5089,BNK-ICICI-1089,23937.3,2026-09-09,NEFT CR-802559K-RAZORPAY SETTLEMENT-Vendor,REF-802559K,PAY-RZP-2089,23937.3,2026-09-09,Customer checkout collection settlement,PO-802559K,matched,none,0.0
batch-synth-v1,TXN-5090,BNK-AXIS-1090,7546.92,2026-09-05,ACH CR-208633L-SUBSCRIPTION POOL-Vendor,REF-208633L,PAY-RZP-2090,7546.92,2026-09-05,Recurring subscription payout batch,PO-208633L,matched,none,0.0
batch-synth-v1,TXN-5091,BNK-ICICI-1091,21258.23,2026-09-06,RTGS CR-683286M-BULK PAYOUT BATCH,REF-683286M,PAY-RZP-2091,21258.23,2026-09-06,Razorpay payout B2B Services settlement batch,PO-683286M,matched,none,0.0
batch-synth-v1,TXN-5092,BNK-KOTAK-1092,83472.8,2026-09-14,UPI CR-743378N-INSTANT SETTLEMENT,REF-743378N,GW-RZP-2092,82453.59,2026-09-16,Daily automated merchant credit,PO-743378N,flagged,fee_and_date_drift,1019.21
batch-synth-v1,TXN-5093,BNK-ICICI-1093,45389.48,2026-09-01,ACH CR-250210O-SUBSCRIPTION POOL-E-Commerce,REF-250210O,PO-RZP-2093,45389.48,2026-09-01,Daily automated merchant credit,PO-250210O,matched,none,0.0
batch-synth-v1,TXN-5094,BNK-HDFC-1094,100140.02,2026-09-09,TRANSFER-494468P-DAILY SETTLEMENT SWEEP,REF-494468P,GW-RZP-2094,100140.02,2026-09-09,Customer checkout collection settlement,PO-494468P,matched,none,0.0
batch-synth-v1,TXN-5095,BNK-ICICI-1095,8447.38,2026-09-10,NEFT CR-189083Q-RAZORPAY SETTLEMENT-Subscription,REF-189083Q,PO-RZP-2095,8447.38,2026-09-10,Gateway settlement auto-sweep Subscription,PO-189083Q,matched,none,0.0
batch-synth-v1,TXN-5096,BNK-KOTAK-1096,64716.32,2026-09-08,TRANSFER-563516R-DAILY SETTLEMENT SWEEP,REF-563516R,GW-RZP-2096,64716.32,2026-09-08,Merchant disbursement net of platform fees,PO-563516R,matched,none,0.0
batch-synth-v1,TXN-5097,BNK-KOTAK-1097,3216.8,2026-09-11,TRANSFER-721946S-DAILY SETTLEMENT SWEEP,REF-721946S,GW-RZP-2097,3216.8,2026-09-11,Recurring subscription payout batch,PO-721946S,matched,none,0.0
batch-synth-v1,TXN-5098,BNK-HDFC-1098,15183.46,2026-09-01,IMPS INWARD-416061T-MERCHANT DISBURSEMENT,REF-416061T,GW-RZP-2098,15183.46,2026-09-01,Gateway settlement auto-sweep E-Commerce,PO-416061T,matched,none,0.0
batch-synth-v1,TXN-5099,BNK-SBI-1099,12685.94,2026-09-07,TRANSFER-235461U-DAILY SETTLEMENT SWEEP,REF-235461U,PO-RZP-2099,5252.49,2026-09-17,Unrelated ad-hoc vendor settlement,PO-800499Z,mismatched,orphaned_bank_record,0.0
batch-synth-v1,TXN-5100,BNK-HDFC-1100,26124.49,2026-09-15,ACH CR-428267V-SUBSCRIPTION POOL-SaaS,REF-428267V,PO-RZP-2100,25726.47,2026-09-17,Customer checkout collection settlement,PO-428267V,flagged,fee_and_date_drift,398.02
batch-synth-v1,TXN-5101,BNK-HDFC-1101,8456.82,2026-09-13,UPI CR-582446W-INSTANT SETTLEMENT,REF-582446W,PO-RZP-2101,8325.79,2026-09-13,Merchant disbursement net of platform fees,PO-582446W,flagged,gateway_fee_deduction,131.03
batch-synth-v1,TXN-5102,BNK-ICICI-1102,13337.08,2026-09-07,UPI CR-425346X-INSTANT SETTLEMENT,REF-425346X,PO-RZP-2102,13141.5,2026-09-07,Merchant disbursement net of platform fees,PO-425346X,flagged,gateway_fee_deduction,195.58
batch-synth-v1,TXN-5103,BNK-HDFC-1103,36634.22,2026-09-13,UPI CR-468154Y-INSTANT SETTLEMENT,REF-468154Y,PAY-RZP-2103,36125.37,2026-09-13,Daily automated merchant credit,PO-468154Y,flagged,gateway_fee_deduction,508.85
batch-synth-v1,TXN-5104,BNK-SBI-1104,4245.31,2026-09-13,IMPS INWARD-179013Z-MERCHANT DISBURSEMENT,REF-179013Z,GW-RZP-2104,4245.31,2026-09-13,Daily automated merchant credit,PO-179013Z,matched,none,0.0
batch-synth-v1,TXN-5105,BNK-AXIS-1105,80449.26,2026-09-10,ACH CR-766158A-SUBSCRIPTION POOL-D2C,REF-766158A,PAY-RZP-2105,80449.26,2026-09-10,Merchant disbursement net of platform fees,PO-766158A,matched,none,0.0
batch-synth-v1,TXN-5106,BNK-ICICI-1106,11334.1,2026-09-05,ACH CR-388016B-SUBSCRIPTION POOL-B2B Services,REF-388016B,PO-RZP-2106,11334.1,2026-09-06,Razorpay payout B2B Services settlement batch,PO-388016B,flagged,settlement_date_drift,0.0
batch-synth-v1,TXN-5107,BNK-AXIS-1107,9534.07,2026-09-05,NEFT CR-775981C-RAZORPAY SETTLEMENT-SaaS,REF-775981C,PO-RZP-2107,9534.07,2026-09-05,Recurring subscription payout batch,PO-775981C,matched,none,0.0
batch-synth-v1,TXN-5108,BNK-AXIS-1108,19899.54,2026-09-15,ACH CR-571579D-SUBSCRIPTION POOL-SaaS,REF-571579D,PAY-RZP-2108,19899.54,2026-09-15,Daily automated merchant credit,PO-571579D,matched,none,0.0
batch-synth-v1,TXN-5109,BNK-SBI-1109,4196.1,2026-09-01,RTGS CR-208529E-BULK PAYOUT BATCH,REF-208529E,PAY-RZP-2109,4196.1,2026-09-01,Daily automated merchant credit,PO-208529E,matched,none,0.0
batch-synth-v1,TXN-5110,BNK-KOTAK-1110,6569.72,2026-09-08,ACH CR-649525F-SUBSCRIPTION POOL-Enterprise,REF-649525F,PAY-RZP-2110,6569.72,2026-09-08,Recurring subscription payout batch,PO-649525F,matched,none,0.0
batch-synth-v1,TXN-5111,BNK-SBI-1111,71467.89,2026-09-11,UPI CR-154909G-INSTANT SETTLEMENT,REF-154909G,PO-RZP-2111,71467.89,2026-09-11,Daily automated merchant credit,PO-154909G,matched,none,0.0
batch-synth-v1,TXN-5112,BNK-HDFC-1112,17120.29,2026-09-05,UPI CR-858889H-INSTANT SETTLEMENT,REF-858889H,PO-RZP-2112,3666.94,2026-09-13,Unrelated ad-hoc vendor settlement,PO-795847Z,mismatched,orphaned_bank_record,0.0
batch-synth-v1,TXN-5113,BNK-SBI-1113,48517.48,2026-09-10,RTGS CR-188834I-BULK PAYOUT BATCH,REF-188834I,PO-RZP-2113,48517.48,2026-09-10,Recurring subscription payout batch,PO-188834I,matched,none,0.0
batch-synth-v1,TXN-5114,BNK-SBI-1114,69326.48,2026-09-11,UPI CR-197992J-INSTANT SETTLEMENT,REF-197992J,GW-RZP-2114,69326.48,2026-09-11,Daily automated merchant credit,PO-197992J,matched,none,0.0
batch-synth-v1,TXN-5115,BNK-KOTAK-1115,8067.22,2026-09-04,TRANSFER-903373K-DAILY SETTLEMENT SWEEP,REF-903373K,PO-RZP-2115,8067.22,2026-09-04,Gateway settlement auto-sweep Vendor,PO-903373K,matched,none,0.0
batch-synth-v1,TXN-5116,BNK-ICICI-1116,21188.5,2026-09-02,ACH CR-908320L-SUBSCRIPTION POOL-Subscription,REF-908320L,GW-RZP-2116,18125.3,2026-09-02,Daily automated merchant credit,PO-908320L,mismatched,unexplained_amount_delta,0.0
batch-synth-v1,TXN-5117,BNK-KOTAK-1117,4930.73,2026-09-12,IMPS INWARD-755087M-MERCHANT DISBURSEMENT,REF-755087M,PO-RZP-2117,4930.73,2026-09-12,Daily automated merchant credit,PO-755087M,matched,none,0.0
batch-synth-v1,TXN-5118,BNK-HDFC-1118,18129.85,2026-09-08,UPI CR-398768N-INSTANT SETTLEMENT,REF-398768N,PO-RZP-2118,18129.85,2026-09-08,Customer checkout collection settlement,PO-398768N,matched,none,0.0
batch-synth-v1,TXN-5119,BNK-KOTAK-1119,20311.28,2026-09-08,RTGS CR-303440O-BULK PAYOUT BATCH,REF-303440O,GW-RZP-2119,20311.28,2026-09-08,Daily automated merchant credit,PO-303440O,matched,none,0.0
batch-synth-v1,TXN-5120,BNK-AXIS-1120,50119.65,2026-09-03,ACH CR-309398P-SUBSCRIPTION POOL-B2B Services,REF-309398P,PO-RZP-2120,50119.65,2026-09-03,Gateway settlement auto-sweep B2B Services,PO-309398P,matched,none,0.0
batch-synth-v1,TXN-5121,BNK-HDFC-1121,9594.7,2026-09-15,ACH CR-845957Q-SUBSCRIPTION POOL-SaaS,REF-845957Q,PAY-RZP-2121,9594.7,2026-09-15,Razorpay payout SaaS settlement batch,PO-845957Q,matched,none,0.0
batch-synth-v1,TXN-5122,BNK-HDFC-1122,22680.0,2026-09-03,NEFT CR-558723R-RAZORPAY SETTLEMENT-B2B Services,REF-558723R,GW-RZP-2122,22680.0,2026-09-03,Gateway settlement auto-sweep B2B Services,PO-558723R,matched,none,0.0
batch-synth-v1,TXN-5123,BNK-SBI-1123,10213.12,2026-09-06,NEFT CR-504924S-RAZORPAY SETTLEMENT-E-Commerce,REF-504924S,GW-RZP-2123,10213.12,2026-09-06,Merchant disbursement net of platform fees,PO-504924S,matched,none,0.0
batch-synth-v1,TXN-5124,BNK-HDFC-1124,63997.64,2026-09-13,NEFT CR-244283T-RAZORPAY SETTLEMENT-E-Commerce,REF-244283T,PO-RZP-2124,63997.64,2026-09-14,Merchant disbursement net of platform fees,PO-244283T,flagged,settlement_date_drift,0.0
batch-synth-v1,TXN-5125,BNK-AXIS-1125,2441.03,2026-09-05,IMPS INWARD-975522U-MERCHANT DISBURSEMENT,REF-975522U,PAY-RZP-2125,2441.03,2026-09-05,Recurring subscription payout batch,PO-975522U,matched,none,0.0
batch-synth-v1,TXN-5126,BNK-HDFC-1126,3485.28,2026-09-04,ACH CR-769989V-SUBSCRIPTION POOL-Enterprise,REF-769989V,PO-RZP-2126,3440.37,2026-09-04,Customer checkout collection settlement,PO-769989V,flagged,gateway_fee_deduction,44.91
batch-synth-v1,TXN-5127,BNK-KOTAK-1127,13126.71,2026-09-04,RTGS CR-250551W-BULK PAYOUT BATCH,REF-250551W,PAY-RZP-2127,10263.77,2026-09-04,Customer checkout collection settlement,PO-250551W,mismatched,unexplained_amount_delta,0.0
batch-synth-v1,TXN-5128,BNK-KOTAK-1128,16871.27,2026-09-09,ACH CR-170966X-SUBSCRIPTION POOL-Vendor,REF-170966X,PO-RZP-2128,16871.27,2026-09-09,Recurring subscription payout batch,PO-170966X,matched,none,0.0
batch-synth-v1,TXN-5129,BNK-AXIS-1129,9978.59,2026-09-06,NEFT CR-883618Y-RAZORPAY SETTLEMENT-Vendor,REF-883618Y,PO-RZP-2129,9831.32,2026-09-06,Merchant disbursement net of platform fees,PO-883618Y,flagged,gateway_fee_deduction,147.27
batch-synth-v1,TXN-5130,BNK-KOTAK-1130,46137.94,2026-09-06,IMPS INWARD-774020Z-MERCHANT DISBURSEMENT,REF-774020Z,PAY-RZP-2130,46137.94,2026-09-06,Daily automated merchant credit,PO-774020Z,matched,none,0.0
batch-synth-v1,TXN-5131,BNK-AXIS-1131,3803.89,2026-09-12,NEFT CR-579911A-RAZORPAY SETTLEMENT-B2B Services,REF-579911A,PAY-RZP-2131,3803.89,2026-09-12,Merchant disbursement net of platform fees,PO-579911A,matched,none,0.0
batch-synth-v1,TXN-5132,BNK-HDFC-1132,43604.55,2026-09-07,TRANSFER-669408B-DAILY SETTLEMENT SWEEP,REF-669408B,GW-RZP-2132,43604.55,2026-09-07,Merchant disbursement net of platform fees,PO-669408B,matched,none,0.0
batch-synth-v1,TXN-5133,BNK-ICICI-1133,19630.62,2026-09-14,RTGS CR-448048C-BULK PAYOUT BATCH,REF-448048C,PO-RZP-2133,19630.62,2026-09-14,Razorpay payout D2C settlement batch,PO-448048C,matched,none,0.0
batch-synth-v1,TXN-5134,BNK-AXIS-1134,48198.69,2026-09-03,TRANSFER-825686D-DAILY SETTLEMENT SWEEP,REF-825686D,PO-RZP-2134,48198.69,2026-09-03,Merchant disbursement net of platform fees,PO-825686D,matched,none,0.0
batch-synth-v1,TXN-5135,BNK-HDFC-1135,11049.88,2026-09-14,RTGS CR-671971E-BULK PAYOUT BATCH,REF-671971E,PAY-RZP-2135,10459.59,2026-09-14,Merchant disbursement net of platform fees,PO-671971E,mismatched,unexplained_amount_delta,0.0
batch-synth-v1,TXN-5136,BNK-SBI-1136,66385.89,2026-09-06,UPI CR-144412F-INSTANT SETTLEMENT,REF-144412F,PO-RZP-2136,66385.89,2026-09-06,Merchant disbursement net of platform fees,PO-144412F,matched,none,0.0
batch-synth-v1,TXN-5137,BNK-SBI-1137,97381.79,2026-09-11,ACH CR-480959G-SUBSCRIPTION POOL-Enterprise,REF-480959G,PAY-RZP-2137,97381.79,2026-09-11,Daily automated merchant credit,PO-480959G,matched,none,0.0
batch-synth-v1,TXN-5138,BNK-HDFC-1138,51290.37,2026-09-03,UPI CR-347459H-INSTANT SETTLEMENT,REF-347459H,GW-RZP-2138,51290.37,2026-09-03,Merchant disbursement net of platform fees,PO-347459H,matched,none,0.0
batch-synth-v1,TXN-5139,BNK-AXIS-1139,4259.24,2026-09-08,TRANSFER-490084I-DAILY SETTLEMENT SWEEP,REF-490084I,PAY-RZP-2139,4259.24,2026-09-08,Razorpay payout Vendor settlement batch,PO-490084I,matched,none,0.0
batch-synth-v1,TXN-5140,BNK-KOTAK-1140,16414.24,2026-09-04,UPI CR-127172J-INSTANT SETTLEMENT,REF-127172J,PO-RZP-2140,16414.24,2026-09-04,Gateway settlement auto-sweep SaaS,PO-127172J,matched,none,0.0
batch-synth-v1,TXN-5141,BNK-KOTAK-1141,71497.87,2026-09-12,ACH CR-324993K-SUBSCRIPTION POOL-Enterprise,REF-324993K,PO-RZP-2141,71497.87,2026-09-12,Merchant disbursement net of platform fees,PO-324993K,matched,none,0.0
batch-synth-v1,TXN-5142,BNK-ICICI-1142,2314.27,2026-09-03,NEFT CR-566732L-RAZORPAY SETTLEMENT-D2C,REF-566732L,GW-RZP-2142,2314.27,2026-09-03,Daily automated merchant credit,PO-566732L,matched,none,0.0
batch-synth-v1,TXN-5143,BNK-SBI-1143,13783.2,2026-09-15,IMPS INWARD-992717M-MERCHANT DISBURSEMENT,REF-992717M,PAY-RZP-2143,13783.2,2026-09-15,Daily automated merchant credit,PO-992717M,matched,none,0.0
batch-synth-v1,TXN-5144,BNK-SBI-1144,24635.75,2026-09-13,TRANSFER-348235N-DAILY SETTLEMENT SWEEP,REF-348235N,PAY-RZP-2144,24635.75,2026-09-13,Razorpay payout E-Commerce settlement batch,PO-348235N,matched,none,0.0
batch-synth-v1,TXN-5145,BNK-KOTAK-1145,20189.71,2026-09-09,NEFT CR-741674O-RAZORPAY SETTLEMENT-E-Commerce,REF-741674O,PAY-RZP-2145,20189.71,2026-09-09,Razorpay payout E-Commerce settlement batch,PO-741674O,matched,none,0.0
batch-synth-v1,TXN-5146,BNK-AXIS-1146,71149.87,2026-09-14,IMPS INWARD-177333P-MERCHANT DISBURSEMENT,REF-177333P,PAY-RZP-2146,71149.87,2026-09-14,Merchant disbursement net of platform fees,PO-177333P,matched,none,0.0
batch-synth-v1,TXN-5147,BNK-AXIS-1147,77677.61,2026-09-13,ACH CR-770872Q-SUBSCRIPTION POOL-Subscription,REF-770872Q,PO-RZP-2147,77677.61,2026-09-13,Gateway settlement auto-sweep Subscription,PO-770872Q,matched,none,0.0
batch-synth-v1,TXN-5148,BNK-AXIS-1148,32449.67,2026-09-03,IMPS INWARD-272655R-MERCHANT DISBURSEMENT,REF-272655R,PAY-RZP-2148,32449.67,2026-09-03,Merchant disbursement net of platform fees,PO-272655R,matched,none,0.0
batch-synth-v1,TXN-5149,BNK-SBI-1149,40036.32,2026-09-11,IMPS INWARD-387782S-MERCHANT DISBURSEMENT,REF-387782S,PAY-RZP-2149,40036.32,2026-09-12,Daily automated merchant credit,PO-387782S,flagged,settlement_date_drift,0.0
batch-synth-v1,TXN-5150,BNK-ICICI-1150,64523.97,2026-09-12,ACH CR-454019T-SUBSCRIPTION POOL-Subscription,REF-454019T,PAY-RZP-2150,64523.97,2026-09-12,Razorpay payout Subscription settlement batch,PO-454019T,matched,none,0.0
batch-synth-v1,TXN-5151,BNK-HDFC-1151,40879.35,2026-09-04,TRANSFER-699929U-DAILY SETTLEMENT SWEEP,REF-699929U,GW-RZP-2151,40879.35,2026-09-04,Recurring subscription payout batch,PO-699929U,matched,none,0.0
batch-synth-v1,TXN-5152,BNK-AXIS-1152,16226.73,2026-09-05,UPI CR-356773V-INSTANT SETTLEMENT,REF-356773V,PAY-RZP-2152,16226.73,2026-09-05,Customer checkout collection settlement,PO-356773V,matched,none,0.0
batch-synth-v1,TXN-5153,BNK-AXIS-1153,49937.3,2026-09-08,ACH CR-456717W-SUBSCRIPTION POOL-E-Commerce,REF-456717W,GW-RZP-2153,49937.3,2026-09-08,Gateway settlement auto-sweep E-Commerce,PO-456717W,matched,none,0.0
batch-synth-v1,TXN-5154,BNK-SBI-1154,48923.0,2026-09-13,ACH CR-639995X-SUBSCRIPTION POOL-Vendor,REF-639995X,PAY-RZP-2154,122307.5,2026-09-21,Legacy customer refund without bank tag,PO-589131X,mismatched,orphaned_gateway_record,0.0
batch-synth-v1,TXN-5155,BNK-SBI-1155,2871.89,2026-09-05,TRANSFER-745270Y-DAILY SETTLEMENT SWEEP,REF-745270Y,PO-RZP-2155,2871.89,2026-09-05,Gateway settlement auto-sweep Enterprise,PO-745270Y,matched,none,0.0
batch-synth-v1,TXN-5156,BNK-SBI-1156,34560.54,2026-09-09,RTGS CR-622987Z-BULK PAYOUT BATCH,REF-622987Z,PAY-RZP-2156,34560.54,2026-09-09,Customer checkout collection settlement,PO-622987Z,matched,none,0.0
batch-synth-v1,TXN-5157,BNK-HDFC-1157,24183.82,2026-09-04,NEFT CR-470037A-RAZORPAY SETTLEMENT-Subscription,REF-470037A,PO-RZP-2157,24183.82,2026-09-04,Razorpay payout Subscription settlement batch,PO-470037A,matched,none,0.0
batch-synth-v1,TXN-5158,BNK-AXIS-1158,53235.21,2026-09-09,NEFT CR-988324B-RAZORPAY SETTLEMENT-SaaS,REF-988324B,PAY-RZP-2158,53235.21,2026-09-09,Customer checkout collection settlement,PO-988324B,matched,none,0.0
batch-synth-v1,TXN-5159,BNK-SBI-1159,10379.72,2026-09-01,ACH CR-153642C-SUBSCRIPTION POOL-Enterprise,REF-153642C,PAY-RZP-2159,3943.98,2026-09-07,Unrelated ad-hoc vendor settlement,PO-177103Z,mismatched,orphaned_bank_record,0.0
batch-synth-v1,TXN-5160,BNK-KOTAK-1160,84345.44,2026-09-11,IMPS INWARD-224582D-MERCHANT DISBURSEMENT,REF-224582D,PO-RZP-2160,84345.44,2026-09-13,Razorpay payout Subscription settlement batch,PO-224582D,flagged,settlement_date_drift,0.0
batch-synth-v1,TXN-5161,BNK-KOTAK-1161,55547.35,2026-09-09,NEFT CR-147504E-RAZORPAY SETTLEMENT-SaaS,REF-147504E,PO-RZP-2161,55547.35,2026-09-09,Gateway settlement auto-sweep SaaS,PO-147504E,matched,none,0.0
batch-synth-v1,TXN-5162,BNK-AXIS-1162,15353.38,2026-09-09,ACH CR-443897F-SUBSCRIPTION POOL-E-Commerce,REF-443897F,PAY-RZP-2162,15353.38,2026-09-09,Merchant disbursement net of platform fees,PO-443897F,matched,none,0.0
batch-synth-v1,TXN-5163,BNK-AXIS-1163,45182.41,2026-09-14,TRANSFER-658198G-DAILY SETTLEMENT SWEEP,REF-658198G,PAY-RZP-2163,44531.86,2026-09-15,Daily automated merchant credit,PO-658198G,flagged,fee_and_date_drift,650.55
batch-synth-v1,TXN-5164,BNK-SBI-1164,10705.24,2026-09-05,UPI CR-860557H-INSTANT SETTLEMENT,REF-860557H,PAY-RZP-2164,10705.24,2026-09-05,Daily automated merchant credit,PO-860557H,matched,none,0.0
batch-synth-v1,TXN-5165,BNK-KOTAK-1165,16561.98,2026-09-13,IMPS INWARD-705693I-MERCHANT DISBURSEMENT,REF-705693I,PO-RZP-2165,16561.98,2026-09-13,Daily automated merchant credit,PO-705693I,matched,none,0.0
batch-synth-v1,TXN-5166,BNK-KOTAK-1166,15911.12,2026-09-10,TRANSFER-982027J-DAILY SETTLEMENT SWEEP,REF-982027J,PO-RZP-2166,15911.12,2026-09-10,Gateway settlement auto-sweep B2B Services,PO-982027J,matched,none,0.0
batch-synth-v1,TXN-5167,BNK-HDFC-1167,26136.24,2026-09-06,TRANSFER-258787K-DAILY SETTLEMENT SWEEP,REF-258787K,PAY-RZP-2167,26136.24,2026-09-06,Daily automated merchant credit,PO-258787K,matched,none,0.0
batch-synth-v1,TXN-5168,BNK-AXIS-1168,229014.92,2026-09-12,UPI CR-165306L-INSTANT SETTLEMENT,REF-165306L,PAY-RZP-2168,5828.42,2026-09-21,Unrelated ad-hoc vendor settlement,PO-601608Z,mismatched,orphaned_bank_record,0.0
batch-synth-v1,TXN-5169,BNK-AXIS-1169,56987.62,2026-09-09,UPI CR-808699M-INSTANT SETTLEMENT,REF-808699M,PO-RZP-2169,142469.05000000002,2026-09-21,Legacy customer refund without bank tag,PO-301603X,mismatched,orphaned_gateway_record,0.0
batch-synth-v1,TXN-5170,BNK-SBI-1170,23566.4,2026-09-05,UPI CR-403042N-INSTANT SETTLEMENT,REF-403042N,PAY-RZP-2170,10604.88,2026-09-08,Gateway settlement auto-sweep B2B Services,PO-432441M,mismatched,severe_mismatch,0.0
batch-synth-v1,TXN-5171,BNK-SBI-1171,41407.45,2026-09-02,ACH CR-809489O-SUBSCRIPTION POOL-Subscription,REF-809489O,PAY-RZP-2171,41407.45,2026-09-02,Customer checkout collection settlement,PO-809489O,matched,none,0.0
batch-synth-v1,TXN-5172,BNK-SBI-1172,7546.94,2026-09-12,TRANSFER-463188P-DAILY SETTLEMENT SWEEP,REF-463188P,GW-RZP-2172,7546.94,2026-09-12,Daily automated merchant credit,PO-463188P,matched,none,0.0
batch-synth-v1,TXN-5173,BNK-AXIS-1173,13695.16,2026-09-15,RTGS CR-829988Q-BULK PAYOUT BATCH,REF-829988Q,GW-RZP-2173,13695.16,2026-09-15,Gateway settlement auto-sweep Subscription,PO-829988Q,matched,none,0.0
batch-synth-v1,TXN-5174,BNK-KOTAK-1174,6440.22,2026-09-11,UPI CR-336633R-INSTANT SETTLEMENT,REF-336633R,PAY-RZP-2174,5764.38,2026-09-11,Gateway settlement auto-sweep Subscription,PO-336633R,mismatched,unexplained_amount_delta,0.0
batch-synth-v1,TXN-5175,BNK-AXIS-1175,82871.13,2026-09-15,UPI CR-526673S-INSTANT SETTLEMENT,REF-526673S,GW-RZP-2175,82871.13,2026-09-15,Customer checkout collection settlement,PO-526673S,matched,none,0.0
batch-synth-v1,TXN-5176,BNK-ICICI-1176,16324.5,2026-09-15,UPI CR-193806T-INSTANT SETTLEMENT,REF-193806T,PO-RZP-2176,16324.5,2026-09-15,Recurring subscription payout batch,PO-193806T,matched,none,0.0
batch-synth-v1,TXN-5177,BNK-KOTAK-1177,235682.9,2026-09-03,IMPS INWARD-978292U-MERCHANT DISBURSEMENT,REF-978292U,PAY-RZP-2177,235682.9,2026-09-05,Razorpay payout Enterprise settlement batch,PO-978292U,flagged,settlement_date_drift,0.0
batch-synth-v1,TXN-5178,BNK-SBI-1178,14415.07,2026-09-02,TRANSFER-398384V-DAILY SETTLEMENT SWEEP,REF-398384V,GW-RZP-2178,14415.07,2026-09-02,Daily automated merchant credit,PO-398384V,matched,none,0.0
batch-synth-v1,TXN-5179,BNK-ICICI-1179,5223.88,2026-09-02,UPI CR-270387W-INSTANT SETTLEMENT,REF-270387W,PAY-RZP-2179,5223.88,2026-09-02,Customer checkout collection settlement,PO-270387W,matched,none,0.0
batch-synth-v1,TXN-5180,BNK-ICICI-1180,59066.87,2026-09-13,ACH CR-284019X-SUBSCRIPTION POOL-E-Commerce,REF-284019X,GW-RZP-2180,59066.87,2026-09-13,Daily automated merchant credit,PO-284019X,matched,none,0.0
batch-synth-v1,TXN-5181,BNK-AXIS-1181,10320.41,2026-09-02,TRANSFER-247442Y-DAILY SETTLEMENT SWEEP,REF-247442Y,PAY-RZP-2181,10196.0,2026-09-02,Merchant disbursement net of platform fees,PO-247442Y,flagged,gateway_fee_deduction,124.41
batch-synth-v1,TXN-5182,BNK-ICICI-1182,134821.06,2026-09-12,RTGS CR-111991Z-BULK PAYOUT BATCH,REF-111991Z,PO-RZP-2182,134821.06,2026-09-12,Daily automated merchant credit,PO-111991Z,matched,none,0.0
batch-synth-v1,TXN-5183,BNK-ICICI-1183,34583.01,2026-09-11,RTGS CR-837733A-BULK PAYOUT BATCH,REF-837733A,GW-RZP-2183,34583.01,2026-09-11,Daily automated merchant credit,PO-837733A,matched,none,0.0
batch-synth-v1,TXN-5184,BNK-SBI-1184,33014.13,2026-09-03,ACH CR-884056B-SUBSCRIPTION POOL-Enterprise,REF-884056B,PO-RZP-2184,33014.13,2026-09-03,Merchant disbursement net of platform fees,PO-884056B,matched,none,0.0
batch-synth-v1,TXN-5185,BNK-KOTAK-1185,74536.21,2026-09-13,ACH CR-813390C-SUBSCRIPTION POOL-E-Commerce,REF-813390C,PO-RZP-2185,73375.38,2026-09-15,Razorpay payout E-Commerce settlement batch,PO-813390C,flagged,fee_and_date_drift,1160.83
batch-synth-v1,TXN-5186,BNK-KOTAK-1186,13917.41,2026-09-09,ACH CR-700521D-SUBSCRIPTION POOL-E-Commerce,REF-700521D,GW-RZP-2186,13917.41,2026-09-09,Gateway settlement auto-sweep E-Commerce,PO-700521D,matched,none,0.0
batch-synth-v1,TXN-5187,BNK-SBI-1187,17167.23,2026-09-12,NEFT CR-612573E-RAZORPAY SETTLEMENT-Subscription,REF-612573E,PAY-RZP-2187,17167.23,2026-09-12,Recurring subscription payout batch,PO-612573E,matched,none,0.0
batch-synth-v1,TXN-5188,BNK-HDFC-1188,10677.9,2026-09-10,TRANSFER-685941F-DAILY SETTLEMENT SWEEP,REF-685941F,PO-RZP-2188,10677.9,2026-09-11,Daily automated merchant credit,PO-685941F,flagged,settlement_date_drift,0.0
batch-synth-v1,TXN-5189,BNK-SBI-1189,27717.39,2026-09-06,ACH CR-166857G-SUBSCRIPTION POOL-D2C,REF-166857G,GW-RZP-2189,27717.39,2026-09-06,Razorpay payout D2C settlement batch,PO-166857G,matched,none,0.0
batch-synth-v1,TXN-5190,BNK-AXIS-1190,4909.54,2026-09-03,UPI CR-772687H-INSTANT SETTLEMENT,REF-772687H,GW-RZP-2190,4909.54,2026-09-03,Daily automated merchant credit,PO-772687H,matched,none,0.0
batch-synth-v1,TXN-5191,BNK-SBI-1191,22969.32,2026-09-07,UPI CR-184148I-INSTANT SETTLEMENT,REF-184148I,PO-RZP-2191,22969.32,2026-09-07,Daily automated merchant credit,PO-184148I,matched,none,0.0
batch-synth-v1,TXN-5192,BNK-SBI-1192,13662.83,2026-09-09,IMPS INWARD-863214J-MERCHANT DISBURSEMENT,REF-863214J,GW-RZP-2192,13662.83,2026-09-09,Razorpay payout E-Commerce settlement batch,PO-863214J,matched,none,0.0
batch-synth-v1,TXN-5193,BNK-SBI-1193,56916.02,2026-09-14,TRANSFER-359535K-DAILY SETTLEMENT SWEEP,REF-359535K,PO-RZP-2193,56916.02,2026-09-14,Merchant disbursement net of platform fees,PO-359535K,matched,none,0.0
batch-synth-v1,TXN-5194,BNK-SBI-1194,31770.68,2026-09-13,ACH CR-539605L-SUBSCRIPTION POOL-D2C,REF-539605L,GW-RZP-2194,31770.68,2026-09-13,Razorpay payout D2C settlement batch,PO-539605L,matched,none,0.0
batch-synth-v1,TXN-5195,BNK-ICICI-1195,1322.62,2026-09-10,NEFT CR-837449M-RAZORPAY SETTLEMENT-D2C,REF-837449M,GW-RZP-2195,100.0,2026-09-10,Gateway settlement auto-sweep D2C,PO-837449M,mismatched,unexplained_amount_delta,0.0
batch-synth-v1,TXN-5196,BNK-KOTAK-1196,33408.13,2026-09-05,UPI CR-955413N-INSTANT SETTLEMENT,REF-955413N,GW-RZP-2196,33408.13,2026-09-05,Recurring subscription payout batch,PO-955413N,matched,none,0.0
batch-synth-v1,TXN-5197,BNK-KOTAK-1197,39214.24,2026-09-15,ACH CR-792282O-SUBSCRIPTION POOL-E-Commerce,REF-792282O,PAY-RZP-2197,39214.24,2026-09-17,Gateway settlement auto-sweep E-Commerce,PO-792282O,flagged,settlement_date_drift,0.0
batch-synth-v1,TXN-5198,BNK-HDFC-1198,79694.66,2026-09-11,ACH CR-547952P-SUBSCRIPTION POOL-D2C,REF-547952P,PAY-RZP-2198,79694.66,2026-09-11,Customer checkout collection settlement,PO-547952P,matched,none,0.0
batch-synth-v1,TXN-5199,BNK-SBI-1199,44124.07,2026-09-07,RTGS CR-256466Q-BULK PAYOUT BATCH,REF-256466Q,PAY-RZP-2199,44124.07,2026-09-07,Customer checkout collection settlement,PO-256466Q,matched,none,0.0
batch-synth-v1,TXN-5200,BNK-KOTAK-1200,6020.94,2026-09-14,TRANSFER-251363R-DAILY SETTLEMENT SWEEP,REF-251363R,PO-RZP-2200,5928.81,2026-09-16,Razorpay payout D2C settlement batch,PO-251363R,flagged,fee_and_date_drift,92.13
batch-synth-v1,TXN-5201,BNK-ICICI-1201,5481.75,2026-09-11,RTGS CR-571635S-BULK PAYOUT BATCH,REF-571635S,PO-RZP-2201,989.6,2026-09-18,Unrelated ad-hoc vendor settlement,PO-806396Z,mismatched,orphaned_bank_record,0.0
batch-synth-v1,TXN-5202,BNK-HDFC-1202,65287.03,2026-09-04,RTGS CR-319036T-BULK PAYOUT BATCH,REF-319036T,GW-RZP-2202,64392.96,2026-09-04,Merchant disbursement net of platform fees,PO-319036T,flagged,gateway_fee_deduction,894.07
batch-synth-v1,TXN-5203,BNK-HDFC-1203,39555.59,2026-09-10,TRANSFER-314447U-DAILY SETTLEMENT SWEEP,REF-314447U,PAY-RZP-2203,39555.59,2026-09-10,Gateway settlement auto-sweep D2C,PO-314447U,matched,none,0.0
batch-synth-v1,TXN-5204,BNK-SBI-1204,16393.67,2026-09-05,ACH CR-477114V-SUBSCRIPTION POOL-Vendor,REF-477114V,PO-RZP-2204,16393.67,2026-09-05,Customer checkout collection settlement,PO-477114V,matched,none,0.0
batch-synth-v1,TXN-5205,BNK-HDFC-1205,21073.41,2026-09-15,RTGS CR-488712W-BULK PAYOUT BATCH,REF-488712W,PAY-RZP-2205,21073.41,2026-09-15,Customer checkout collection settlement,PO-488712W,matched,none,0.0
batch-synth-v1,TXN-5206,BNK-KOTAK-1206,58198.69,2026-09-10,TRANSFER-854987X-DAILY SETTLEMENT SWEEP,REF-854987X,GW-RZP-2206,58198.69,2026-09-10,Merchant disbursement net of platform fees,PO-854987X,matched,none,0.0
batch-synth-v1,TXN-5207,BNK-ICICI-1207,14459.84,2026-09-04,UPI CR-677390Y-INSTANT SETTLEMENT,REF-677390Y,PO-RZP-2207,14459.84,2026-09-04,Daily automated merchant credit,PO-677390Y,matched,none,0.0
batch-synth-v1,TXN-5208,BNK-SBI-1208,54435.73,2026-09-03,RTGS CR-933592Z-BULK PAYOUT BATCH,REF-933592Z,PO-RZP-2208,53468.81,2026-09-03,Gateway settlement auto-sweep D2C,PO-933592Z,flagged,gateway_fee_deduction,966.92
batch-synth-v1,TXN-5209,BNK-ICICI-1209,171450.83,2026-09-14,UPI CR-177941A-INSTANT SETTLEMENT,REF-177941A,PAY-RZP-2209,171450.83,2026-09-14,Razorpay payout B2B Services settlement batch,PO-177941A,matched,none,0.0
batch-synth-v1,TXN-5210,BNK-AXIS-1210,67430.17,2026-09-01,TRANSFER-630299B-DAILY SETTLEMENT SWEEP,REF-630299B,GW-RZP-2210,67430.17,2026-09-01,Merchant disbursement net of platform fees,PO-630299B,matched,none,0.0
batch-synth-v1,TXN-5211,BNK-KOTAK-1211,53992.25,2026-09-08,ACH CR-106933C-SUBSCRIPTION POOL-SaaS,REF-106933C,PAY-RZP-2211,53992.25,2026-09-08,Recurring subscription payout batch,PO-106933C,matched,none,0.0
batch-synth-v1,TXN-5212,BNK-HDFC-1212,7231.15,2026-09-05,UPI CR-626611D-INSTANT SETTLEMENT,REF-626611D,GW-RZP-2212,7231.15,2026-09-05,Daily automated merchant credit,PO-626611D,matched,none,0.0
batch-synth-v1,TXN-5213,BNK-ICICI-1213,39458.13,2026-09-10,RTGS CR-364679E-BULK PAYOUT BATCH,REF-364679E,GW-RZP-2213,39458.13,2026-09-10,Merchant disbursement net of platform fees,PO-364679E,matched,none,0.0
batch-synth-v1,TXN-5214,BNK-HDFC-1214,39592.47,2026-09-12,UPI CR-414546F-INSTANT SETTLEMENT,REF-414546F,PO-RZP-2214,39592.47,2026-09-12,Razorpay payout E-Commerce settlement batch,PO-414546F,matched,none,0.0
batch-synth-v1,TXN-5215,BNK-HDFC-1215,14041.19,2026-09-01,UPI CR-109909G-INSTANT SETTLEMENT,REF-109909G,PO-RZP-2215,11666.79,2026-09-01,Gateway settlement auto-sweep D2C,PO-109909G,mismatched,unexplained_amount_delta,0.0
batch-synth-v1,TXN-5216,BNK-SBI-1216,232640.55,2026-09-15,IMPS INWARD-340927H-MERCHANT DISBURSEMENT,REF-340927H,PAY-RZP-2216,232640.55,2026-09-15,Daily automated merchant credit,PO-340927H,matched,none,0.0
batch-synth-v1,TXN-5217,BNK-SBI-1217,41822.38,2026-09-09,NEFT CR-790077I-RAZORPAY SETTLEMENT-Subscription,REF-790077I,GW-RZP-2217,41822.38,2026-09-09,Gateway settlement auto-sweep Subscription,PO-790077I,matched,none,0.0
batch-synth-v1,TXN-5218,BNK-HDFC-1218,18930.23,2026-09-12,NEFT CR-517643J-RAZORPAY SETTLEMENT-B2B Services,REF-517643J,GW-RZP-2218,18930.23,2026-09-12,Merchant disbursement net of platform fees,PO-517643J,matched,none,0.0
batch-synth-v1,TXN-5219,BNK-KOTAK-1219,21311.34,2026-09-11,TRANSFER-447843K-DAILY SETTLEMENT SWEEP,REF-447843K,GW-RZP-2219,20920.83,2026-09-11,Daily automated merchant credit,PO-447843K,flagged,gateway_fee_deduction,390.51
batch-synth-v1,TXN-5220,BNK-KOTAK-1220,51225.3,2026-09-14,ACH CR-457137L-SUBSCRIPTION POOL-SaaS,REF-457137L,PAY-RZP-2220,51225.3,2026-09-14,Recurring subscription payout batch,PO-457137L,matched,none,0.0
batch-synth-v1,TXN-5221,BNK-SBI-1221,52033.01,2026-09-04,TRANSFER-679902M-DAILY SETTLEMENT SWEEP,REF-679902M,GW-RZP-2221,6957.1,2026-09-13,Unrelated ad-hoc vendor settlement,PO-498535Z,mismatched,orphaned_bank_record,0.0
batch-synth-v1,TXN-5222,BNK-KOTAK-1222,29922.28,2026-09-03,UPI CR-846247N-INSTANT SETTLEMENT,REF-846247N,PO-RZP-2222,13465.03,2026-09-06,Gateway settlement auto-sweep Enterprise,PO-432061M,mismatched,severe_mismatch,0.0
batch-synth-v1,TXN-5223,BNK-HDFC-1223,8052.55,2026-09-06,NEFT CR-382870O-RAZORPAY SETTLEMENT-B2B Services,REF-382870O,GW-RZP-2223,7943.85,2026-09-06,Gateway settlement auto-sweep B2B Services,PO-382870O,flagged,gateway_fee_deduction,108.7
batch-synth-v1,TXN-5224,BNK-KOTAK-1224,3030.68,2026-09-02,NEFT CR-681141P-RAZORPAY SETTLEMENT-Vendor,REF-681141P,PAY-RZP-2224,3030.68,2026-09-02,Recurring subscription payout batch,PO-681141P,matched,none,0.0
batch-synth-v1,TXN-5225,BNK-AXIS-1225,10001.09,2026-09-02,IMPS INWARD-686716Q-MERCHANT DISBURSEMENT,REF-686716Q,GW-RZP-2225,9867.51,2026-09-04,Recurring subscription payout batch,PO-686716Q,flagged,fee_and_date_drift,133.58
batch-synth-v1,TXN-5226,BNK-ICICI-1226,12581.54,2026-09-02,RTGS CR-555791R-BULK PAYOUT BATCH,REF-555791R,PO-RZP-2226,12581.54,2026-09-02,Customer checkout collection settlement,PO-555791R,matched,none,0.0
batch-synth-v1,TXN-5227,BNK-AXIS-1227,23633.45,2026-09-12,ACH CR-619886S-SUBSCRIPTION POOL-D2C,REF-619886S,GW-RZP-2227,23633.45,2026-09-12,Recurring subscription payout batch,PO-619886S,matched,none,0.0
batch-synth-v1,TXN-5228,BNK-AXIS-1228,665.8,2026-09-07,ACH CR-982495T-SUBSCRIPTION POOL-Vendor,REF-982495T,GW-RZP-2228,665.8,2026-09-07,Customer checkout collection settlement,PO-982495T,matched,none,0.0
batch-synth-v1,TXN-5229,BNK-AXIS-1229,20676.61,2026-09-11,RTGS CR-242736U-BULK PAYOUT BATCH,REF-242736U,PO-RZP-2229,20676.61,2026-09-11,Merchant disbursement net of platform fees,PO-242736U,matched,none,0.0
batch-synth-v1,TXN-5230,BNK-AXIS-1230,10256.87,2026-09-06,UPI CR-870571V-INSTANT SETTLEMENT,REF-870571V,PO-RZP-2230,10256.87,2026-09-06,Daily automated merchant credit,PO-870571V,matched,none,0.0
batch-synth-v1,TXN-5231,BNK-KOTAK-1231,7367.35,2026-09-13,NEFT CR-482746W-RAZORPAY SETTLEMENT-Enterprise,REF-482746W,GW-RZP-2231,7367.35,2026-09-13,Recurring subscription payout batch,PO-482746W,matched,none,0.0
batch-synth-v1,TXN-5232,BNK-KOTAK-1232,19306.64,2026-09-01,UPI CR-584045X-INSTANT SETTLEMENT,REF-584045X,PAY-RZP-2232,19306.64,2026-09-01,Gateway settlement auto-sweep D2C,PO-584045X,matched,none,0.0
batch-synth-v1,TXN-5233,BNK-SBI-1233,21270.8,2026-09-13,TRANSFER-805668Y-DAILY SETTLEMENT SWEEP,REF-805668Y,PAY-RZP-2233,21270.8,2026-09-13,Gateway settlement auto-sweep Enterprise,PO-805668Y,matched,none,0.0
batch-synth-v1,TXN-5234,BNK-ICICI-1234,72344.61,2026-09-02,TRANSFER-726979Z-DAILY SETTLEMENT SWEEP,REF-726979Z,PO-RZP-2234,72344.61,2026-09-02,Recurring subscription payout batch,PO-726979Z,matched,none,0.0
batch-synth-v1,TXN-5235,BNK-KOTAK-1235,50098.04,2026-09-01,UPI CR-476993A-INSTANT SETTLEMENT,REF-476993A,PAY-RZP-2235,50098.04,2026-09-01,Recurring subscription payout batch,PO-476993A,matched,none,0.0
batch-synth-v1,TXN-5236,BNK-HDFC-1236,63819.99,2026-09-01,UPI CR-776364B-INSTANT SETTLEMENT,REF-776364B,GW-RZP-2236,63819.99,2026-09-01,Daily automated merchant credit,PO-776364B,matched,none,0.0
batch-synth-v1,TXN-5237,BNK-SBI-1237,2915.86,2026-09-04,ACH CR-883132C-SUBSCRIPTION POOL-Subscription,REF-883132C,PO-RZP-2237,2915.86,2026-09-04,Recurring subscription payout batch,PO-883132C,matched,none,0.0
batch-synth-v1,TXN-5238,BNK-AXIS-1238,19422.38,2026-09-10,IMPS INWARD-624776D-MERCHANT DISBURSEMENT,REF-624776D,PO-RZP-2238,17120.6,2026-09-10,Merchant disbursement net of platform fees,PO-624776D,mismatched,unexplained_amount_delta,0.0
batch-synth-v1,TXN-5239,BNK-AXIS-1239,23546.57,2026-09-03,RTGS CR-427040E-BULK PAYOUT BATCH,REF-427040E,GW-RZP-2239,5450.59,2026-09-09,Unrelated ad-hoc vendor settlement,PO-599292Z,mismatched,orphaned_bank_record,0.0
batch-synth-v1,TXN-5240,BNK-AXIS-1240,43015.84,2026-09-13,NEFT CR-220675F-RAZORPAY SETTLEMENT-D2C,REF-220675F,PAY-RZP-2240,42462.02,2026-09-14,Merchant disbursement net of platform fees,PO-220675F,flagged,fee_and_date_drift,553.82
batch-synth-v1,TXN-5241,BNK-KOTAK-1241,8609.25,2026-09-07,TRANSFER-343118G-DAILY SETTLEMENT SWEEP,REF-343118G,GW-RZP-2241,8609.25,2026-09-07,Daily automated merchant credit,PO-343118G,matched,none,0.0
batch-synth-v1,TXN-5242,BNK-ICICI-1242,69243.3,2026-09-15,ACH CR-571413H-SUBSCRIPTION POOL-E-Commerce,REF-571413H,PAY-RZP-2242,69243.3,2026-09-15,Customer checkout collection settlement,PO-571413H,matched,none,0.0
batch-synth-v1,TXN-5243,BNK-HDFC-1243,7319.45,2026-09-12,NEFT CR-934674I-RAZORPAY SETTLEMENT-B2B Services,REF-934674I,PAY-RZP-2243,7184.8,2026-09-12,Recurring subscription payout batch,PO-934674I,flagged,gateway_fee_deduction,134.65
batch-synth-v1,TXN-5244,BNK-SBI-1244,3291.9,2026-09-11,ACH CR-613261J-SUBSCRIPTION POOL-B2B Services,REF-613261J,PO-RZP-2244,3291.9,2026-09-13,Daily automated merchant credit,PO-613261J,flagged,settlement_date_drift,0.0
batch-synth-v1,TXN-5245,BNK-KOTAK-1245,21215.19,2026-09-10,UPI CR-953266K-INSTANT SETTLEMENT,REF-953266K,GW-RZP-2245,21215.19,2026-09-11,Daily automated merchant credit,PO-953266K,flagged,settlement_date_drift,0.0
batch-synth-v1,TXN-5246,BNK-SBI-1246,3365.25,2026-09-06,ACH CR-248225L-SUBSCRIPTION POOL-D2C,REF-248225L,GW-RZP-2246,3365.25,2026-09-07,Customer checkout collection settlement,PO-248225L,flagged,settlement_date_drift,0.0
batch-synth-v1,TXN-5247,BNK-AXIS-1247,13665.79,2026-09-15,ACH CR-281649M-SUBSCRIPTION POOL-D2C,REF-281649M,GW-RZP-2247,13665.79,2026-09-15,Gateway settlement auto-sweep D2C,PO-281649M,matched,none,0.0
batch-synth-v1,TXN-5248,BNK-SBI-1248,21128.64,2026-09-10,NEFT CR-476479N-RAZORPAY SETTLEMENT-SaaS,REF-476479N,GW-RZP-2248,20842.11,2026-09-10,Customer checkout collection settlement,PO-476479N,flagged,gateway_fee_deduction,286.53
batch-synth-v1,TXN-5249,BNK-KOTAK-1249,54503.55,2026-09-12,TRANSFER-565412O-DAILY SETTLEMENT SWEEP,REF-565412O,PAY-RZP-2249,54503.55,2026-09-12,Gateway settlement auto-sweep B2B Services,PO-565412O,matched,none,0.0
batch-synth-v1,TXN-5250,BNK-KOTAK-1250,26961.71,2026-09-04,IMPS INWARD-402692P-MERCHANT DISBURSEMENT,REF-402692P,GW-RZP-2250,12132.77,2026-09-07,Customer checkout collection settlement,PO-676429M,mismatched,severe_mismatch,0.0
batch-synth-v1,TXN-5251,BNK-HDFC-1251,19490.27,2026-09-14,NEFT CR-668373Q-RAZORPAY SETTLEMENT-Vendor,REF-668373Q,PAY-RZP-2251,8770.62,2026-09-17,Daily automated merchant credit,PO-672892M,mismatched,severe_mismatch,0.0
batch-synth-v1,TXN-5252,BNK-AXIS-1252,39851.9,2026-09-14,RTGS CR-571578R-BULK PAYOUT BATCH,REF-571578R,GW-RZP-2252,39851.9,2026-09-14,Merchant disbursement net of platform fees,PO-571578R,matched,none,0.0
batch-synth-v1,TXN-5253,BNK-AXIS-1253,73642.16,2026-09-10,UPI CR-467663S-INSTANT SETTLEMENT,REF-467663S,GW-RZP-2253,73642.16,2026-09-10,Recurring subscription payout batch,PO-467663S,matched,none,0.0
batch-synth-v1,TXN-5254,BNK-ICICI-1254,5562.18,2026-09-04,ACH CR-162241T-SUBSCRIPTION POOL-B2B Services,REF-162241T,PAY-RZP-2254,5562.18,2026-09-04,Merchant disbursement net of platform fees,PO-162241T,matched,none,0.0
batch-synth-v1,TXN-5255,BNK-KOTAK-1255,24485.5,2026-09-05,RTGS CR-700556U-BULK PAYOUT BATCH,REF-700556U,PAY-RZP-2255,23659.25,2026-09-05,Recurring subscription payout batch,PO-700556U,mismatched,unexplained_amount_delta,0.0
batch-synth-v1,TXN-5256,BNK-HDFC-1256,76964.73,2026-09-04,RTGS CR-845951V-BULK PAYOUT BATCH,REF-845951V,PO-RZP-2256,76964.73,2026-09-04,Gateway settlement auto-sweep E-Commerce,PO-845951V,matched,none,0.0
batch-synth-v1,TXN-5257,BNK-AXIS-1257,7083.57,2026-09-07,NEFT CR-573947W-RAZORPAY SETTLEMENT-Enterprise,REF-573947W,GW-RZP-2257,7083.57,2026-09-07,Daily automated merchant credit,PO-573947W,matched,none,0.0
batch-synth-v1,TXN-5258,BNK-AXIS-1258,77639.04,2026-09-08,ACH CR-443187X-SUBSCRIPTION POOL-Enterprise,REF-443187X,PAY-RZP-2258,77639.04,2026-09-08,Razorpay payout Enterprise settlement batch,PO-443187X,matched,none,0.0
batch-synth-v1,TXN-5259,BNK-AXIS-1259,28799.84,2026-09-09,TRANSFER-328411Y-DAILY SETTLEMENT SWEEP,REF-328411Y,PAY-RZP-2259,28799.84,2026-09-09,Gateway settlement auto-sweep Enterprise,PO-328411Y,matched,none,0.0
batch-synth-v1,TXN-5260,BNK-SBI-1260,59676.02,2026-09-10,RTGS CR-608913Z-BULK PAYOUT BATCH,REF-608913Z,PO-RZP-2260,58937.97,2026-09-10,Daily automated merchant credit,PO-608913Z,flagged,gateway_fee_deduction,738.05
batch-synth-v1,TXN-5261,BNK-HDFC-1261,52391.09,2026-09-07,IMPS INWARD-822040A-MERCHANT DISBURSEMENT,REF-822040A,GW-RZP-2261,52391.09,2026-09-07,Daily automated merchant credit,PO-822040A,matched,none,0.0
batch-synth-v1,TXN-5262,BNK-ICICI-1262,9330.67,2026-09-02,UPI CR-796787B-INSTANT SETTLEMENT,REF-796787B,PO-RZP-2262,7396.22,2026-09-02,Gateway settlement auto-sweep Vendor,PO-796787B,mismatched,unexplained_amount_delta,0.0
batch-synth-v1,TXN-5263,BNK-ICICI-1263,25065.18,2026-09-08,ACH CR-239145C-SUBSCRIPTION POOL-SaaS,REF-239145C,PO-RZP-2263,25065.18,2026-09-08,Gateway settlement auto-sweep SaaS,PO-239145C,matched,none,0.0
batch-synth-v1,TXN-5264,BNK-HDFC-1264,84289.29,2026-09-07,TRANSFER-238595D-DAILY SETTLEMENT SWEEP,REF-238595D,GW-RZP-2264,84289.29,2026-09-07,Razorpay payout D2C settlement batch,PO-238595D,matched,none,0.0
batch-synth-v1,TXN-5265,BNK-AXIS-1265,43801.09,2026-09-15,TRANSFER-243790E-DAILY SETTLEMENT SWEEP,REF-243790E,GW-RZP-2265,43801.09,2026-09-15,Gateway settlement auto-sweep Vendor,PO-243790E,matched,none,0.0
batch-synth-v1,TXN-5266,BNK-HDFC-1266,15452.82,2026-09-03,UPI CR-468247F-INSTANT SETTLEMENT,REF-468247F,PAY-RZP-2266,15452.82,2026-09-03,Gateway settlement auto-sweep Enterprise,PO-468247F,matched,none,0.0
batch-synth-v1,TXN-5267,BNK-AXIS-1267,30201.28,2026-09-02,NEFT CR-888996G-RAZORPAY SETTLEMENT-E-Commerce,REF-888996G,PAY-RZP-2267,30201.28,2026-09-02,Recurring subscription payout batch,PO-888996G,matched,none,0.0
batch-synth-v1,TXN-5268,BNK-SBI-1268,3925.84,2026-09-05,IMPS INWARD-188341H-MERCHANT DISBURSEMENT,REF-188341H,PO-RZP-2268,3925.84,2026-09-05,Recurring subscription payout batch,PO-188341H,matched,none,0.0
batch-synth-v1,TXN-5269,BNK-HDFC-1269,61415.61,2026-09-04,RTGS CR-510780I-BULK PAYOUT BATCH,REF-510780I,PAY-RZP-2269,61415.61,2026-09-04,Daily automated merchant credit,PO-510780I,matched,none,0.0
batch-synth-v1,TXN-5270,BNK-ICICI-1270,6406.5,2026-09-11,ACH CR-174461J-SUBSCRIPTION POOL-Subscription,REF-174461J,PO-RZP-2270,6406.5,2026-09-11,Razorpay payout Subscription settlement batch,PO-174461J,matched,none,0.0
batch-synth-v1,TXN-5271,BNK-SBI-1271,21054.85,2026-09-07,UPI CR-672896K-INSTANT SETTLEMENT,REF-672896K,GW-RZP-2271,21054.85,2026-09-07,Gateway settlement auto-sweep Vendor,PO-672896K,matched,none,0.0
batch-synth-v1,TXN-5272,BNK-HDFC-1272,837.94,2026-09-04,TRANSFER-163406L-DAILY SETTLEMENT SWEEP,REF-163406L,GW-RZP-2272,837.94,2026-09-06,Recurring subscription payout batch,PO-163406L,flagged,settlement_date_drift,0.0
batch-synth-v1,TXN-5273,BNK-AXIS-1273,34160.83,2026-09-02,ACH CR-182860M-SUBSCRIPTION POOL-Vendor,REF-182860M,GW-RZP-2273,34160.83,2026-09-02,Gateway settlement auto-sweep Vendor,PO-182860M,matched,none,0.0
batch-synth-v1,TXN-5274,BNK-KOTAK-1274,16040.21,2026-09-14,UPI CR-814138N-INSTANT SETTLEMENT,REF-814138N,PO-RZP-2274,16040.21,2026-09-14,Razorpay payout D2C settlement batch,PO-814138N,matched,none,0.0
batch-synth-v1,TXN-5275,BNK-AXIS-1275,39668.79,2026-09-15,TRANSFER-221620O-DAILY SETTLEMENT SWEEP,REF-221620O,PAY-RZP-2275,39668.79,2026-09-15,Recurring subscription payout batch,PO-221620O,matched,none,0.0
batch-synth-v1,TXN-5276,BNK-SBI-1276,32166.58,2026-09-12,NEFT CR-835575P-RAZORPAY SETTLEMENT-E-Commerce,REF-835575P,PAY-RZP-2276,32166.58,2026-09-12,Gateway settlement auto-sweep E-Commerce,PO-835575P,matched,none,0.0
batch-synth-v1,TXN-5277,BNK-SBI-1277,20651.42,2026-09-05,IMPS INWARD-489933Q-MERCHANT DISBURSEMENT,REF-489933Q,PAY-RZP-2277,20651.42,2026-09-06,Daily automated merchant credit,PO-489933Q,flagged,settlement_date_drift,0.0
batch-synth-v1,TXN-5278,BNK-SBI-1278,2064.86,2026-09-12,NEFT CR-758015R-RAZORPAY SETTLEMENT-Subscription,REF-758015R,PO-RZP-2278,2064.86,2026-09-12,Customer checkout collection settlement,PO-758015R,matched,none,0.0
batch-synth-v1,TXN-5279,BNK-KOTAK-1279,21554.31,2026-09-03,RTGS CR-264951S-BULK PAYOUT BATCH,REF-264951S,PO-RZP-2279,21554.31,2026-09-03,Razorpay payout Vendor settlement batch,PO-264951S,matched,none,0.0
batch-synth-v1,TXN-5280,BNK-ICICI-1280,1578.93,2026-09-14,NEFT CR-356430T-RAZORPAY SETTLEMENT-SaaS,REF-356430T,PAY-RZP-2280,1578.93,2026-09-14,Customer checkout collection settlement,PO-356430T,matched,none,0.0
batch-synth-v1,TXN-5281,BNK-AXIS-1281,24028.38,2026-09-01,UPI CR-942127U-INSTANT SETTLEMENT,REF-942127U,GW-RZP-2281,23659.43,2026-09-03,Daily automated merchant credit,PO-942127U,flagged,fee_and_date_drift,368.95
batch-synth-v1,TXN-5282,BNK-AXIS-1282,20736.93,2026-09-10,ACH CR-225200V-SUBSCRIPTION POOL-Vendor,REF-225200V,PAY-RZP-2282,19724.72,2026-09-10,Daily automated merchant credit,PO-225200V,mismatched,unexplained_amount_delta,0.0
batch-synth-v1,TXN-5283,BNK-HDFC-1283,11894.81,2026-09-05,RTGS CR-985885W-BULK PAYOUT BATCH,REF-985885W,PO-RZP-2283,11894.81,2026-09-05,Merchant disbursement net of platform fees,PO-985885W,matched,none,0.0
batch-synth-v1,TXN-5284,BNK-KOTAK-1284,5416.44,2026-09-10,UPI CR-418672X-INSTANT SETTLEMENT,REF-418672X,PO-RZP-2284,5331.34,2026-09-10,Recurring subscription payout batch,PO-418672X,flagged,gateway_fee_deduction,85.1
batch-synth-v1,TXN-5285,BNK-ICICI-1285,39707.61,2026-09-01,IMPS INWARD-125071Y-MERCHANT DISBURSEMENT,REF-125071Y,PAY-RZP-2285,39707.61,2026-09-01,Recurring subscription payout batch,PO-125071Y,matched,none,0.0
batch-synth-v1,TXN-5286,BNK-HDFC-1286,16603.94,2026-09-14,RTGS CR-862540Z-BULK PAYOUT BATCH,REF-862540Z,PO-RZP-2286,16603.94,2026-09-14,Razorpay payout D2C settlement batch,PO-862540Z,matched,none,0.0
batch-synth-v1,TXN-5287,BNK-KOTAK-1287,24049.03,2026-09-03,NEFT CR-393418A-RAZORPAY SETTLEMENT-D2C,REF-393418A,GW-RZP-2287,24049.03,2026-09-03,Razorpay payout D2C settlement batch,PO-393418A,matched,none,0.0
batch-synth-v1,TXN-5288,BNK-KOTAK-1288,83473.29,2026-09-02,ACH CR-200219B-SUBSCRIPTION POOL-Subscription,REF-200219B,PO-RZP-2288,83473.29,2026-09-02,Gateway settlement auto-sweep Subscription,PO-200219B,matched,none,0.0
batch-synth-v1,TXN-5289,BNK-HDFC-1289,11157.08,2026-09-03,RTGS CR-405844C-BULK PAYOUT BATCH,REF-405844C,PAY-RZP-2289,11157.08,2026-09-03,Merchant disbursement net of platform fees,PO-405844C,matched,none,0.0
batch-synth-v1,TXN-5290,BNK-SBI-1290,6223.48,2026-09-04,ACH CR-917823D-SUBSCRIPTION POOL-E-Commerce,REF-917823D,PO-RZP-2290,6223.48,2026-09-04,Razorpay payout E-Commerce settlement batch,PO-917823D,matched,none,0.0
batch-synth-v1,TXN-5291,BNK-HDFC-1291,8193.82,2026-09-02,IMPS INWARD-475691E-MERCHANT DISBURSEMENT,REF-475691E,GW-RZP-2291,8193.82,2026-09-02,Customer checkout collection settlement,PO-475691E,matched,none,0.0
batch-synth-v1,TXN-5292,BNK-AXIS-1292,73455.81,2026-09-05,UPI CR-838936F-INSTANT SETTLEMENT,REF-838936F,PO-RZP-2292,73455.81,2026-09-05,Recurring subscription payout batch,PO-838936F,matched,none,0.0
batch-synth-v1,TXN-5293,BNK-ICICI-1293,17923.36,2026-09-06,NEFT CR-638401G-RAZORPAY SETTLEMENT-Enterprise,REF-638401G,PO-RZP-2293,17923.36,2026-09-06,Daily automated merchant credit,PO-638401G,matched,none,0.0
batch-synth-v1,TXN-5294,BNK-SBI-1294,10407.61,2026-09-08,ACH CR-884417H-SUBSCRIPTION POOL-Subscription,REF-884417H,GW-RZP-2294,10407.61,2026-09-08,Gateway settlement auto-sweep Subscription,PO-884417H,matched,none,0.0
batch-synth-v1,TXN-5295,BNK-AXIS-1295,25717.42,2026-09-14,IMPS INWARD-333086I-MERCHANT DISBURSEMENT,REF-333086I,GW-RZP-2295,25717.42,2026-09-14,Gateway settlement auto-sweep B2B Services,PO-333086I,matched,none,0.0
batch-synth-v1,TXN-5296,BNK-SBI-1296,59939.43,2026-09-05,NEFT CR-178629J-RAZORPAY SETTLEMENT-B2B Services,REF-178629J,PAY-RZP-2296,59939.43,2026-09-05,Razorpay payout B2B Services settlement batch,PO-178629J,matched,none,0.0
batch-synth-v1,TXN-5297,BNK-AXIS-1297,21258.25,2026-09-13,NEFT CR-228479K-RAZORPAY SETTLEMENT-Vendor,REF-228479K,GW-RZP-2297,21258.25,2026-09-13,Customer checkout collection settlement,PO-228479K,matched,none,0.0
batch-synth-v1,TXN-5298,BNK-ICICI-1298,18248.56,2026-09-08,UPI CR-501320L-INSTANT SETTLEMENT,REF-501320L,PAY-RZP-2298,18248.56,2026-09-08,Customer checkout collection settlement,PO-501320L,matched,none,0.0
batch-synth-v1,TXN-5299,BNK-SBI-1299,51760.69,2026-09-03,ACH CR-743937M-SUBSCRIPTION POOL-SaaS,REF-743937M,GW-RZP-2299,51760.69,2026-09-03,Recurring subscription payout batch,PO-743937M,matched,none,0.0
batch-synth-v1,TXN-5300,BNK-SBI-1300,13991.87,2026-09-01,TRANSFER-393366N-DAILY SETTLEMENT SWEEP,REF-393366N,PO-RZP-2300,13991.87,2026-09-02,Gateway settlement auto-sweep SaaS,PO-393366N,flagged,settlement_date_drift,0.0
batch-synth-v1,TXN-5301,BNK-ICICI-1301,26171.8,2026-09-07,RTGS CR-848023O-BULK PAYOUT BATCH,REF-848023O,PAY-RZP-2301,26171.8,2026-09-07,Customer checkout collection settlement,PO-848023O,matched,none,0.0
batch-synth-v1,TXN-5302,BNK-SBI-1302,10015.34,2026-09-03,ACH CR-434367P-SUBSCRIPTION POOL-SaaS,REF-434367P,PAY-RZP-2302,5958.34,2026-09-03,Gateway settlement auto-sweep SaaS,PO-434367P,mismatched,unexplained_amount_delta,0.0
batch-synth-v1,TXN-5303,BNK-HDFC-1303,19287.63,2026-09-04,IMPS INWARD-204998Q-MERCHANT DISBURSEMENT,REF-204998Q,PO-RZP-2303,19287.63,2026-09-04,Daily automated merchant credit,PO-204998Q,matched,none,0.0
batch-synth-v1,TXN-5304,BNK-SBI-1304,94224.93,2026-09-04,TRANSFER-987624R-DAILY SETTLEMENT SWEEP,REF-987624R,PAY-RZP-2304,94224.93,2026-09-04,Merchant disbursement net of platform fees,PO-987624R,matched,none,0.0
batch-synth-v1,TXN-5305,BNK-ICICI-1305,20252.15,2026-09-12,NEFT CR-720298S-RAZORPAY SETTLEMENT-Vendor,REF-720298S,GW-RZP-2305,50630.375,2026-09-19,Legacy customer refund without bank tag,PO-690462X,mismatched,orphaned_gateway_record,0.0
batch-synth-v1,TXN-5306,BNK-AXIS-1306,12515.69,2026-09-02,ACH CR-343923T-SUBSCRIPTION POOL-SaaS,REF-343923T,PAY-RZP-2306,12515.69,2026-09-02,Gateway settlement auto-sweep SaaS,PO-343923T,matched,none,0.0
batch-synth-v1,TXN-5307,BNK-KOTAK-1307,22988.46,2026-09-04,RTGS CR-236828U-BULK PAYOUT BATCH,REF-236828U,PO-RZP-2307,22988.46,2026-09-04,Daily automated merchant credit,PO-236828U,matched,none,0.0
batch-synth-v1,TXN-5308,BNK-SBI-1308,14871.92,2026-09-15,NEFT CR-911982V-RAZORPAY SETTLEMENT-E-Commerce,REF-911982V,GW-RZP-2308,14871.92,2026-09-15,Recurring subscription payout batch,PO-911982V,matched,none,0.0
batch-synth-v1,TXN-5309,BNK-HDFC-1309,60161.0,2026-09-06,IMPS INWARD-438273W-MERCHANT DISBURSEMENT,REF-438273W,PO-RZP-2309,60161.0,2026-09-06,Gateway settlement auto-sweep Vendor,PO-438273W,matched,none,0.0
batch-synth-v1,TXN-5310,BNK-AXIS-1310,17825.98,2026-09-09,RTGS CR-743520X-BULK PAYOUT BATCH,REF-743520X,PAY-RZP-2310,17528.08,2026-09-10,Gateway settlement auto-sweep D2C,PO-743520X,flagged,fee_and_date_drift,297.9
batch-synth-v1,TXN-5311,BNK-SBI-1311,68729.86,2026-09-12,ACH CR-510623Y-SUBSCRIPTION POOL-Subscription,REF-510623Y,PAY-RZP-2311,68729.86,2026-09-12,Razorpay payout Subscription settlement batch,PO-510623Y,matched,none,0.0
batch-synth-v1,TXN-5312,BNK-KOTAK-1312,121447.72,2026-09-10,IMPS INWARD-620287Z-MERCHANT DISBURSEMENT,REF-620287Z,PO-RZP-2312,121447.72,2026-09-10,Merchant disbursement net of platform fees,PO-620287Z,matched,none,0.0
batch-synth-v1,TXN-5313,BNK-ICICI-1313,78119.22,2026-09-02,UPI CR-843404A-INSTANT SETTLEMENT,REF-843404A,PO-RZP-2313,76627.67,2026-09-04,Daily automated merchant credit,PO-843404A,flagged,fee_and_date_drift,1491.55
batch-synth-v1,TXN-5314,BNK-SBI-1314,2160.97,2026-09-05,UPI CR-213282B-INSTANT SETTLEMENT,REF-213282B,GW-RZP-2314,2128.37,2026-09-05,Razorpay payout B2B Services settlement batch,PO-213282B,flagged,gateway_fee_deduction,32.6
batch-synth-v1,TXN-5315,BNK-ICICI-1315,9778.46,2026-09-09,TRANSFER-206355C-DAILY SETTLEMENT SWEEP,REF-206355C,PO-RZP-2315,9778.46,2026-09-09,Recurring subscription payout batch,PO-206355C,matched,none,0.0
batch-synth-v1,TXN-5316,BNK-ICICI-1316,21221.18,2026-09-05,RTGS CR-434198D-BULK PAYOUT BATCH,REF-434198D,PO-RZP-2316,21221.18,2026-09-05,Razorpay payout SaaS settlement batch,PO-434198D,matched,none,0.0
batch-synth-v1,TXN-5317,BNK-SBI-1317,29500.15,2026-09-15,ACH CR-454366E-SUBSCRIPTION POOL-SaaS,REF-454366E,GW-RZP-2317,29500.15,2026-09-15,Recurring subscription payout batch,PO-454366E,matched,none,0.0
batch-synth-v1,TXN-5318,BNK-HDFC-1318,78385.2,2026-09-03,RTGS CR-206176F-BULK PAYOUT BATCH,REF-206176F,PO-RZP-2318,78385.2,2026-09-03,Gateway settlement auto-sweep SaaS,PO-206176F,matched,none,0.0
batch-synth-v1,TXN-5319,BNK-AXIS-1319,23176.55,2026-09-09,RTGS CR-792687G-BULK PAYOUT BATCH,REF-792687G,PAY-RZP-2319,23176.55,2026-09-09,Merchant disbursement net of platform fees,PO-792687G,matched,none,0.0
batch-synth-v1,TXN-5320,BNK-HDFC-1320,13966.73,2026-09-08,RTGS CR-157152H-BULK PAYOUT BATCH,REF-157152H,GW-RZP-2320,13966.73,2026-09-08,Razorpay payout E-Commerce settlement batch,PO-157152H,matched,none,0.0
batch-synth-v1,TXN-5321,BNK-HDFC-1321,53819.7,2026-09-02,IMPS INWARD-317005I-MERCHANT DISBURSEMENT,REF-317005I,PO-RZP-2321,53819.7,2026-09-02,Daily automated merchant credit,PO-317005I,matched,none,0.0
batch-synth-v1,TXN-5322,BNK-HDFC-1322,48848.04,2026-09-08,NEFT CR-377877J-RAZORPAY SETTLEMENT-D2C,REF-377877J,PO-RZP-2322,21981.62,2026-09-11,Daily automated merchant credit,PO-293862M,mismatched,severe_mismatch,0.0
batch-synth-v1,TXN-5323,BNK-AXIS-1323,1593.11,2026-09-08,IMPS INWARD-376195K-MERCHANT DISBURSEMENT,REF-376195K,PO-RZP-2323,1593.11,2026-09-08,Merchant disbursement net of platform fees,PO-376195K,matched,none,0.0
batch-synth-v1,TXN-5324,BNK-ICICI-1324,45627.48,2026-09-09,ACH CR-893202L-SUBSCRIPTION POOL-Enterprise,REF-893202L,PAY-RZP-2324,45627.48,2026-09-09,Gateway settlement auto-sweep Enterprise,PO-893202L,matched,none,0.0
batch-synth-v1,TXN-5325,BNK-AXIS-1325,13620.1,2026-09-14,IMPS INWARD-700534M-MERCHANT DISBURSEMENT,REF-700534M,PAY-RZP-2325,13620.1,2026-09-14,Customer checkout collection settlement,PO-700534M,matched,none,0.0
batch-synth-v1,TXN-5326,BNK-HDFC-1326,55126.09,2026-09-15,ACH CR-939333N-SUBSCRIPTION POOL-Subscription,REF-939333N,PO-RZP-2326,55126.09,2026-09-15,Daily automated merchant credit,PO-939333N,matched,none,0.0
batch-synth-v1,TXN-5327,BNK-HDFC-1327,24617.02,2026-09-04,IMPS INWARD-302087O-MERCHANT DISBURSEMENT,REF-302087O,PO-RZP-2327,24617.02,2026-09-04,Razorpay payout B2B Services settlement batch,PO-302087O,matched,none,0.0
batch-synth-v1,TXN-5328,BNK-HDFC-1328,24933.1,2026-09-11,ACH CR-974625P-SUBSCRIPTION POOL-E-Commerce,REF-974625P,PAY-RZP-2328,24933.1,2026-09-11,Merchant disbursement net of platform fees,PO-974625P,matched,none,0.0
batch-synth-v1,TXN-5329,BNK-HDFC-1329,10235.2,2026-09-06,ACH CR-389617Q-SUBSCRIPTION POOL-B2B Services,REF-389617Q,GW-RZP-2329,10235.2,2026-09-06,Customer checkout collection settlement,PO-389617Q,matched,none,0.0
batch-synth-v1,TXN-5330,BNK-KOTAK-1330,10780.05,2026-09-07,ACH CR-255398R-SUBSCRIPTION POOL-E-Commerce,REF-255398R,PAY-RZP-2330,10780.05,2026-09-07,Recurring subscription payout batch,PO-255398R,matched,none,0.0
batch-synth-v1,TXN-5331,BNK-HDFC-1331,77048.52,2026-09-15,RTGS CR-530849S-BULK PAYOUT BATCH,REF-530849S,PAY-RZP-2331,34671.83,2026-09-18,Customer checkout collection settlement,PO-699809M,mismatched,severe_mismatch,0.0
batch-synth-v1,TXN-5332,BNK-HDFC-1332,4024.39,2026-09-10,TRANSFER-827356T-DAILY SETTLEMENT SWEEP,REF-827356T,GW-RZP-2332,4024.39,2026-09-12,Razorpay payout D2C settlement batch,PO-827356T,flagged,settlement_date_drift,0.0
batch-synth-v1,TXN-5333,BNK-HDFC-1333,7080.32,2026-09-06,RTGS CR-454278U-BULK PAYOUT BATCH,REF-454278U,PAY-RZP-2333,7080.32,2026-09-06,Merchant disbursement net of platform fees,PO-454278U,matched,none,0.0
batch-synth-v1,TXN-5334,BNK-AXIS-1334,122612.97,2026-09-05,RTGS CR-564635V-BULK PAYOUT BATCH,REF-564635V,PAY-RZP-2334,55175.84,2026-09-08,Merchant disbursement net of platform fees,PO-734366M,mismatched,severe_mismatch,0.0
batch-synth-v1,TXN-5335,BNK-ICICI-1335,20687.25,2026-09-12,ACH CR-896386W-SUBSCRIPTION POOL-Enterprise,REF-896386W,PO-RZP-2335,20687.25,2026-09-12,Merchant disbursement net of platform fees,PO-896386W,matched,none,0.0
batch-synth-v1,TXN-5336,BNK-KOTAK-1336,17884.45,2026-09-07,ACH CR-918430X-SUBSCRIPTION POOL-E-Commerce,REF-918430X,GW-RZP-2336,17884.45,2026-09-07,Recurring subscription payout batch,PO-918430X,matched,none,0.0
batch-synth-v1,TXN-5337,BNK-ICICI-1337,28457.65,2026-09-01,RTGS CR-153015Y-BULK PAYOUT BATCH,REF-153015Y,GW-RZP-2337,28457.65,2026-09-01,Daily automated merchant credit,PO-153015Y,matched,none,0.0
batch-synth-v1,TXN-5338,BNK-SBI-1338,63124.59,2026-09-02,IMPS INWARD-132047Z-MERCHANT DISBURSEMENT,REF-132047Z,PO-RZP-2338,63124.59,2026-09-02,Merchant disbursement net of platform fees,PO-132047Z,matched,none,0.0
batch-synth-v1,TXN-5339,BNK-KOTAK-1339,21826.78,2026-09-10,RTGS CR-466749A-BULK PAYOUT BATCH,REF-466749A,PO-RZP-2339,21826.78,2026-09-10,Gateway settlement auto-sweep Subscription,PO-466749A,matched,none,0.0
batch-synth-v1,TXN-5340,BNK-HDFC-1340,1716.45,2026-09-14,IMPS INWARD-917711B-MERCHANT DISBURSEMENT,REF-917711B,PO-RZP-2340,1716.45,2026-09-14,Gateway settlement auto-sweep Subscription,PO-917711B,matched,none,0.0
batch-synth-v1,TXN-5341,BNK-ICICI-1341,76877.8,2026-09-13,TRANSFER-109330C-DAILY SETTLEMENT SWEEP,REF-109330C,PO-RZP-2341,76877.8,2026-09-13,Gateway settlement auto-sweep D2C,PO-109330C,matched,none,0.0
batch-synth-v1,TXN-5342,BNK-KOTAK-1342,15404.43,2026-09-05,UPI CR-843826D-INSTANT SETTLEMENT,REF-843826D,GW-RZP-2342,15404.43,2026-09-05,Merchant disbursement net of platform fees,PO-843826D,matched,none,0.0
batch-synth-v1,TXN-5343,BNK-AXIS-1343,5846.12,2026-09-05,ACH CR-645928E-SUBSCRIPTION POOL-D2C,REF-645928E,PO-RZP-2343,5771.18,2026-09-07,Customer checkout collection settlement,PO-645928E,flagged,fee_and_date_drift,74.94
batch-synth-v1,TXN-5344,BNK-SBI-1344,2064.01,2026-09-05,RTGS CR-440930F-BULK PAYOUT BATCH,REF-440930F,PAY-RZP-2344,2064.01,2026-09-05,Merchant disbursement net of platform fees,PO-440930F,matched,none,0.0
batch-synth-v1,TXN-5345,BNK-ICICI-1345,6387.4,2026-09-01,ACH CR-998960G-SUBSCRIPTION POOL-B2B Services,REF-998960G,GW-RZP-2345,6387.4,2026-09-01,Customer checkout collection settlement,PO-998960G,matched,none,0.0
batch-synth-v1,TXN-5346,BNK-ICICI-1346,12685.63,2026-09-05,TRANSFER-538897H-DAILY SETTLEMENT SWEEP,REF-538897H,PAY-RZP-2346,12529.82,2026-09-06,Customer checkout collection settlement,PO-538897H,flagged,fee_and_date_drift,155.81
batch-synth-v1,TXN-5347,BNK-ICICI-1347,19729.98,2026-09-15,ACH CR-475911I-SUBSCRIPTION POOL-D2C,REF-475911I,PAY-RZP-2347,19729.98,2026-09-15,Merchant disbursement net of platform fees,PO-475911I,matched,none,0.0
batch-synth-v1,TXN-5348,BNK-KOTAK-1348,12034.13,2026-09-12,ACH CR-860413J-SUBSCRIPTION POOL-Vendor,REF-860413J,GW-RZP-2348,30085.324999999997,2026-09-18,Legacy customer refund without bank tag,PO-333049X,mismatched,orphaned_gateway_record,0.0
batch-synth-v1,TXN-5349,BNK-ICICI-1349,78210.61,2026-09-06,RTGS CR-714015K-BULK PAYOUT BATCH,REF-714015K,PAY-RZP-2349,78210.61,2026-09-06,Customer checkout collection settlement,PO-714015K,matched,none,0.0
batch-synth-v1,TXN-5350,BNK-AXIS-1350,81658.06,2026-09-02,ACH CR-303993L-SUBSCRIPTION POOL-Enterprise,REF-303993L,GW-RZP-2350,80428.83,2026-09-04,Razorpay payout Enterprise settlement batch,PO-303993L,flagged,fee_and_date_drift,1229.23
batch-synth-v1,TXN-5351,BNK-HDFC-1351,5407.27,2026-09-07,IMPS INWARD-579798M-MERCHANT DISBURSEMENT,REF-579798M,GW-RZP-2351,5334.58,2026-09-08,Merchant disbursement net of platform fees,PO-579798M,flagged,fee_and_date_drift,72.69
batch-synth-v1,TXN-5352,BNK-SBI-1352,28480.82,2026-09-08,IMPS INWARD-319553N-MERCHANT DISBURSEMENT,REF-319553N,PAY-RZP-2352,28027.5,2026-09-08,Recurring subscription payout batch,PO-319553N,flagged,gateway_fee_deduction,453.32
batch-synth-v1,TXN-5353,BNK-ICICI-1353,11020.54,2026-09-07,NEFT CR-501936O-RAZORPAY SETTLEMENT-Enterprise,REF-501936O,PAY-RZP-2353,11020.54,2026-09-07,Razorpay payout Enterprise settlement batch,PO-501936O,matched,none,0.0
batch-synth-v1,TXN-5354,BNK-SBI-1354,56862.03,2026-09-01,UPI CR-104324P-INSTANT SETTLEMENT,REF-104324P,GW-RZP-2354,56862.03,2026-09-01,Daily automated merchant credit,PO-104324P,matched,none,0.0
batch-synth-v1,TXN-5355,BNK-ICICI-1355,31162.49,2026-09-09,IMPS INWARD-420984Q-MERCHANT DISBURSEMENT,REF-420984Q,PAY-RZP-2355,31162.49,2026-09-09,Razorpay payout Subscription settlement batch,PO-420984Q,matched,none,0.0
batch-synth-v1,TXN-5356,BNK-SBI-1356,13247.07,2026-09-09,UPI CR-554730R-INSTANT SETTLEMENT,REF-554730R,PO-RZP-2356,13247.07,2026-09-09,Gateway settlement auto-sweep Vendor,PO-554730R,matched,none,0.0
batch-synth-v1,TXN-5357,BNK-AXIS-1357,79413.65,2026-09-13,IMPS INWARD-120053S-MERCHANT DISBURSEMENT,REF-120053S,PO-RZP-2357,79413.65,2026-09-13,Gateway settlement auto-sweep Enterprise,PO-120053S,matched,none,0.0
batch-synth-v1,TXN-5358,BNK-ICICI-1358,12863.52,2026-09-02,UPI CR-845652T-INSTANT SETTLEMENT,REF-845652T,PAY-RZP-2358,12863.52,2026-09-02,Razorpay payout Vendor settlement batch,PO-845652T,matched,none,0.0
batch-synth-v1,TXN-5359,BNK-SBI-1359,27877.62,2026-09-02,NEFT CR-976735U-RAZORPAY SETTLEMENT-D2C,REF-976735U,PAY-RZP-2359,27877.62,2026-09-02,Razorpay payout D2C settlement batch,PO-976735U,matched,none,0.0
batch-synth-v1,TXN-5360,BNK-AXIS-1360,13908.42,2026-09-08,IMPS INWARD-260565V-MERCHANT DISBURSEMENT,REF-260565V,PO-RZP-2360,13908.42,2026-09-08,Daily automated merchant credit,PO-260565V,matched,none,0.0
batch-synth-v1,TXN-5361,BNK-SBI-1361,41198.63,2026-09-10,TRANSFER-243826W-DAILY SETTLEMENT SWEEP,REF-243826W,PO-RZP-2361,41198.63,2026-09-10,Razorpay payout D2C settlement batch,PO-243826W,matched,none,0.0
batch-synth-v1,TXN-5362,BNK-SBI-1362,61540.11,2026-09-13,ACH CR-971889X-SUBSCRIPTION POOL-Vendor,REF-971889X,GW-RZP-2362,61540.11,2026-09-13,Gateway settlement auto-sweep Vendor,PO-971889X,matched,none,0.0
batch-synth-v1,TXN-5363,BNK-AXIS-1363,13929.4,2026-09-15,TRANSFER-821634Y-DAILY SETTLEMENT SWEEP,REF-821634Y,PO-RZP-2363,13929.4,2026-09-15,Merchant disbursement net of platform fees,PO-821634Y,matched,none,0.0
batch-synth-v1,TXN-5364,BNK-HDFC-1364,222813.31,2026-09-11,NEFT CR-256389Z-RAZORPAY SETTLEMENT-Enterprise,REF-256389Z,GW-RZP-2364,222813.31,2026-09-11,Recurring subscription payout batch,PO-256389Z,matched,none,0.0
batch-synth-v1,TXN-5365,BNK-HDFC-1365,83637.46,2026-09-05,NEFT CR-152512A-RAZORPAY SETTLEMENT-Enterprise,REF-152512A,PO-RZP-2365,79765.4,2026-09-05,Gateway settlement auto-sweep Enterprise,PO-152512A,mismatched,unexplained_amount_delta,0.0
batch-synth-v1,TXN-5366,BNK-SBI-1366,70492.24,2026-09-01,IMPS INWARD-993385B-MERCHANT DISBURSEMENT,REF-993385B,PO-RZP-2366,70492.24,2026-09-01,Daily automated merchant credit,PO-993385B,matched,none,0.0
batch-synth-v1,TXN-5367,BNK-SBI-1367,129271.05,2026-09-12,RTGS CR-490722C-BULK PAYOUT BATCH,REF-490722C,PO-RZP-2367,127317.75,2026-09-12,Gateway settlement auto-sweep SaaS,PO-490722C,mismatched,unexplained_amount_delta,0.0
batch-synth-v1,TXN-5368,BNK-SBI-1368,50304.39,2026-09-15,NEFT CR-274880D-RAZORPAY SETTLEMENT-B2B Services,REF-274880D,PO-RZP-2368,49408.4,2026-09-16,Gateway settlement auto-sweep B2B Services,PO-274880D,flagged,fee_and_date_drift,895.99
batch-synth-v1,TXN-5369,BNK-AXIS-1369,14439.11,2026-09-08,TRANSFER-741018E-DAILY SETTLEMENT SWEEP,REF-741018E,PAY-RZP-2369,14439.11,2026-09-08,Merchant disbursement net of platform fees,PO-741018E,matched,none,0.0
batch-synth-v1,TXN-5370,BNK-ICICI-1370,49677.06,2026-09-01,UPI CR-374320F-INSTANT SETTLEMENT,REF-374320F,PO-RZP-2370,49677.06,2026-09-01,Merchant disbursement net of platform fees,PO-374320F,matched,none,0.0
batch-synth-v1,TXN-5371,BNK-KOTAK-1371,14342.8,2026-09-11,ACH CR-454733G-SUBSCRIPTION POOL-B2B Services,REF-454733G,PAY-RZP-2371,14342.8,2026-09-11,Recurring subscription payout batch,PO-454733G,matched,none,0.0
batch-synth-v1,TXN-5372,BNK-AXIS-1372,64822.64,2026-09-11,ACH CR-255875H-SUBSCRIPTION POOL-Enterprise,REF-255875H,PAY-RZP-2372,64822.64,2026-09-11,Recurring subscription payout batch,PO-255875H,matched,none,0.0
batch-synth-v1,TXN-5373,BNK-HDFC-1373,53157.34,2026-09-08,NEFT CR-273438I-RAZORPAY SETTLEMENT-B2B Services,REF-273438I,PAY-RZP-2373,53157.34,2026-09-08,Customer checkout collection settlement,PO-273438I,matched,none,0.0
batch-synth-v1,TXN-5374,BNK-ICICI-1374,38362.39,2026-09-11,IMPS INWARD-522866J-MERCHANT DISBURSEMENT,REF-522866J,PO-RZP-2374,38362.39,2026-09-11,Razorpay payout Enterprise settlement batch,PO-522866J,matched,none,0.0
batch-synth-v1,TXN-5375,BNK-AXIS-1375,21486.44,2026-09-08,TRANSFER-224473K-DAILY SETTLEMENT SWEEP,REF-224473K,PAY-RZP-2375,21486.44,2026-09-08,Daily automated merchant credit,PO-224473K,matched,none,0.0
batch-synth-v1,TXN-5376,BNK-HDFC-1376,14149.71,2026-09-01,ACH CR-195310L-SUBSCRIPTION POOL-B2B Services,REF-195310L,PO-RZP-2376,13945.43,2026-09-02,Recurring subscription payout batch,PO-195310L,flagged,fee_and_date_drift,204.28
batch-synth-v1,TXN-5377,BNK-SBI-1377,75659.05,2026-09-06,ACH CR-904694M-SUBSCRIPTION POOL-Subscription,REF-904694M,PO-RZP-2377,75659.05,2026-09-08,Recurring subscription payout batch,PO-904694M,flagged,settlement_date_drift,0.0
batch-synth-v1,TXN-5378,BNK-HDFC-1378,45481.43,2026-09-14,RTGS CR-938769N-BULK PAYOUT BATCH,REF-938769N,GW-RZP-2378,45481.43,2026-09-14,Recurring subscription payout batch,PO-938769N,matched,none,0.0
batch-synth-v1,TXN-5379,BNK-HDFC-1379,74310.32,2026-09-12,NEFT CR-529088O-RAZORPAY SETTLEMENT-D2C,REF-529088O,GW-RZP-2379,74310.32,2026-09-12,Merchant disbursement net of platform fees,PO-529088O,matched,none,0.0
batch-synth-v1,TXN-5380,BNK-ICICI-1380,52422.76,2026-09-13,RTGS CR-851606P-BULK PAYOUT BATCH,REF-851606P,GW-RZP-2380,52422.76,2026-09-13,Razorpay payout E-Commerce settlement batch,PO-851606P,matched,none,0.0
batch-synth-v1,TXN-5381,BNK-HDFC-1381,71328.71,2026-09-08,ACH CR-790441Q-SUBSCRIPTION POOL-Enterprise,REF-790441Q,PAY-RZP-2381,71328.71,2026-09-08,Recurring subscription payout batch,PO-790441Q,matched,none,0.0
batch-synth-v1,TXN-5382,BNK-AXIS-1382,1690.0,2026-09-15,ACH CR-979562R-SUBSCRIPTION POOL-Enterprise,REF-979562R,GW-RZP-2382,1690.0,2026-09-15,Customer checkout collection settlement,PO-979562R,matched,none,0.0
batch-synth-v1,TXN-5383,BNK-KOTAK-1383,48244.33,2026-09-10,ACH CR-437477S-SUBSCRIPTION POOL-Subscription,REF-437477S,GW-RZP-2383,48244.33,2026-09-10,Customer checkout collection settlement,PO-437477S,matched,none,0.0
batch-synth-v1,TXN-5384,BNK-KOTAK-1384,82815.61,2026-09-05,IMPS INWARD-943890T-MERCHANT DISBURSEMENT,REF-943890T,PAY-RZP-2384,37267.02,2026-09-08,Gateway settlement auto-sweep Enterprise,PO-731792M,mismatched,severe_mismatch,0.0
batch-synth-v1,TXN-5385,BNK-SBI-1385,8190.81,2026-09-12,IMPS INWARD-763311U-MERCHANT DISBURSEMENT,REF-763311U,PAY-RZP-2385,8190.81,2026-09-12,Gateway settlement auto-sweep Subscription,PO-763311U,matched,none,0.0
batch-synth-v1,TXN-5386,BNK-KOTAK-1386,8959.69,2026-09-11,UPI CR-844904V-INSTANT SETTLEMENT,REF-844904V,PAY-RZP-2386,8959.69,2026-09-11,Gateway settlement auto-sweep E-Commerce,PO-844904V,matched,none,0.0
batch-synth-v1,TXN-5387,BNK-HDFC-1387,14778.75,2026-09-11,UPI CR-537757W-INSTANT SETTLEMENT,REF-537757W,PO-RZP-2387,14778.75,2026-09-11,Daily automated merchant credit,PO-537757W,matched,none,0.0
batch-synth-v1,TXN-5388,BNK-AXIS-1388,1119.17,2026-09-03,NEFT CR-802812X-RAZORPAY SETTLEMENT-SaaS,REF-802812X,GW-RZP-2388,2797.925,2026-09-10,Legacy customer refund without bank tag,PO-400538X,mismatched,orphaned_gateway_record,0.0
batch-synth-v1,TXN-5389,BNK-ICICI-1389,70215.64,2026-09-01,TRANSFER-953568Y-DAILY SETTLEMENT SWEEP,REF-953568Y,GW-RZP-2389,70215.64,2026-09-01,Razorpay payout Vendor settlement batch,PO-953568Y,matched,none,0.0
batch-synth-v1,TXN-5390,BNK-KOTAK-1390,19715.53,2026-09-13,UPI CR-401610Z-INSTANT SETTLEMENT,REF-401610Z,PO-RZP-2390,19715.53,2026-09-13,Daily automated merchant credit,PO-401610Z,matched,none,0.0
batch-synth-v1,TXN-5391,BNK-AXIS-1391,19808.73,2026-09-11,NEFT CR-678944A-RAZORPAY SETTLEMENT-Vendor,REF-678944A,PO-RZP-2391,19808.73,2026-09-11,Razorpay payout Vendor settlement batch,PO-678944A,matched,none,0.0
batch-synth-v1,TXN-5392,BNK-ICICI-1392,51583.83,2026-09-04,UPI CR-838857B-INSTANT SETTLEMENT,REF-838857B,PAY-RZP-2392,51583.83,2026-09-04,Daily automated merchant credit,PO-838857B,matched,none,0.0
batch-synth-v1,TXN-5393,BNK-KOTAK-1393,68494.87,2026-09-04,IMPS INWARD-570616C-MERCHANT DISBURSEMENT,REF-570616C,PAY-RZP-2393,68494.87,2026-09-04,Daily automated merchant credit,PO-570616C,matched,none,0.0
batch-synth-v1,TXN-5394,BNK-ICICI-1394,27438.05,2026-09-05,IMPS INWARD-377075D-MERCHANT DISBURSEMENT,REF-377075D,GW-RZP-2394,27438.05,2026-09-05,Gateway settlement auto-sweep Subscription,PO-377075D,matched,none,0.0
batch-synth-v1,TXN-5395,BNK-HDFC-1395,23468.61,2026-09-01,ACH CR-438302E-SUBSCRIPTION POOL-E-Commerce,REF-438302E,PO-RZP-2395,23071.41,2026-09-03,Razorpay payout E-Commerce settlement batch,PO-438302E,flagged,fee_and_date_drift,397.2
batch-synth-v1,TXN-5396,BNK-KOTAK-1396,19708.77,2026-09-06,IMPS INWARD-330646F-MERCHANT DISBURSEMENT,REF-330646F,PAY-RZP-2396,19348.3,2026-09-06,Recurring subscription payout batch,PO-330646F,flagged,gateway_fee_deduction,360.47
batch-synth-v1,TXN-5397,BNK-AXIS-1397,2752.67,2026-09-04,RTGS CR-795556G-BULK PAYOUT BATCH,REF-795556G,PAY-RZP-2397,2752.67,2026-09-04,Merchant disbursement net of platform fees,PO-795556G,matched,none,0.0
batch-synth-v1,TXN-5398,BNK-SBI-1398,53491.43,2026-09-09,UPI CR-888669H-INSTANT SETTLEMENT,REF-888669H,GW-RZP-2398,53491.43,2026-09-09,Razorpay payout B2B Services settlement batch,PO-888669H,matched,none,0.0
batch-synth-v1,TXN-5399,BNK-SBI-1399,16235.48,2026-09-15,NEFT CR-355671I-RAZORPAY SETTLEMENT-Subscription,REF-355671I,PO-RZP-2399,16235.48,2026-09-15,Daily automated merchant credit,PO-355671I,matched,none,0.0
batch-synth-v1,TXN-5400,BNK-AXIS-1400,13735.81,2026-09-05,RTGS CR-641975J-BULK PAYOUT BATCH,REF-641975J,GW-RZP-2400,13735.81,2026-09-05,Recurring subscription payout batch,PO-641975J,matched,none,0.0
batch-synth-v1,TXN-5401,BNK-AXIS-1401,16462.44,2026-09-06,NEFT CR-186345K-RAZORPAY SETTLEMENT-Subscription,REF-186345K,GW-RZP-2401,16462.44,2026-09-06,Gateway settlement auto-sweep Subscription,PO-186345K,matched,none,0.0
batch-synth-v1,TXN-5402,BNK-HDFC-1402,76897.05,2026-09-07,IMPS INWARD-208975L-MERCHANT DISBURSEMENT,REF-208975L,GW-RZP-2402,76897.05,2026-09-07,Recurring subscription payout batch,PO-208975L,matched,none,0.0
batch-synth-v1,TXN-5403,BNK-HDFC-1403,68012.1,2026-09-01,NEFT CR-176806M-RAZORPAY SETTLEMENT-SaaS,REF-176806M,PAY-RZP-2403,68012.1,2026-09-01,Gateway settlement auto-sweep SaaS,PO-176806M,matched,none,0.0
batch-synth-v1,TXN-5404,BNK-KOTAK-1404,6077.32,2026-09-05,TRANSFER-506881N-DAILY SETTLEMENT SWEEP,REF-506881N,GW-RZP-2404,2734.79,2026-09-08,Daily automated merchant credit,PO-554059M,mismatched,severe_mismatch,0.0
batch-synth-v1,TXN-5405,BNK-HDFC-1405,63485.36,2026-09-10,UPI CR-892682O-INSTANT SETTLEMENT,REF-892682O,PO-RZP-2405,63485.36,2026-09-10,Recurring subscription payout batch,PO-892682O,matched,none,0.0
batch-synth-v1,TXN-5406,BNK-HDFC-1406,72213.51,2026-09-05,RTGS CR-190707P-BULK PAYOUT BATCH,REF-190707P,PO-RZP-2406,72213.51,2026-09-05,Customer checkout collection settlement,PO-190707P,matched,none,0.0
batch-synth-v1,TXN-5407,BNK-AXIS-1407,4329.93,2026-09-04,TRANSFER-883028Q-DAILY SETTLEMENT SWEEP,REF-883028Q,PAY-RZP-2407,4329.93,2026-09-05,Recurring subscription payout batch,PO-883028Q,flagged,settlement_date_drift,0.0
batch-synth-v1,TXN-5408,BNK-SBI-1408,14099.21,2026-09-02,ACH CR-105274R-SUBSCRIPTION POOL-SaaS,REF-105274R,GW-RZP-2408,14099.21,2026-09-03,Recurring subscription payout batch,PO-105274R,flagged,settlement_date_drift,0.0
batch-synth-v1,TXN-5409,BNK-ICICI-1409,37704.22,2026-09-15,ACH CR-992819S-SUBSCRIPTION POOL-D2C,REF-992819S,PAY-RZP-2409,37704.22,2026-09-15,Gateway settlement auto-sweep D2C,PO-992819S,matched,none,0.0
batch-synth-v1,TXN-5410,BNK-ICICI-1410,31877.35,2026-09-11,NEFT CR-694849T-RAZORPAY SETTLEMENT-B2B Services,REF-694849T,GW-RZP-2410,31877.35,2026-09-11,Recurring subscription payout batch,PO-694849T,matched,none,0.0
batch-synth-v1,TXN-5411,BNK-KOTAK-1411,2150.39,2026-09-02,ACH CR-860835U-SUBSCRIPTION POOL-E-Commerce,REF-860835U,GW-RZP-2411,5375.974999999999,2026-09-12,Legacy customer refund without bank tag,PO-234443X,mismatched,orphaned_gateway_record,0.0
batch-synth-v1,TXN-5412,BNK-HDFC-1412,137434.68,2026-09-08,UPI CR-746281V-INSTANT SETTLEMENT,REF-746281V,PO-RZP-2412,137434.68,2026-09-08,Merchant disbursement net of platform fees,PO-746281V,matched,none,0.0
batch-synth-v1,TXN-5413,BNK-KOTAK-1413,8250.16,2026-09-07,RTGS CR-105066W-BULK PAYOUT BATCH,REF-105066W,PAY-RZP-2413,8250.16,2026-09-07,Gateway settlement auto-sweep E-Commerce,PO-105066W,matched,none,0.0
batch-synth-v1,TXN-5414,BNK-AXIS-1414,68978.37,2026-09-15,TRANSFER-585331X-DAILY SETTLEMENT SWEEP,REF-585331X,PO-RZP-2414,68978.37,2026-09-15,Merchant disbursement net of platform fees,PO-585331X,matched,none,0.0
batch-synth-v1,TXN-5415,BNK-AXIS-1415,16316.01,2026-09-02,IMPS INWARD-394247Y-MERCHANT DISBURSEMENT,REF-394247Y,PAY-RZP-2415,16316.01,2026-09-02,Recurring subscription payout batch,PO-394247Y,matched,none,0.0
batch-synth-v1,TXN-5416,BNK-SBI-1416,29524.0,2026-09-01,UPI CR-631815Z-INSTANT SETTLEMENT,REF-631815Z,PAY-RZP-2416,29032.98,2026-09-02,Razorpay payout B2B Services settlement batch,PO-631815Z,flagged,fee_and_date_drift,491.02
batch-synth-v1,TXN-5417,BNK-KOTAK-1417,24968.84,2026-09-08,IMPS INWARD-912853A-MERCHANT DISBURSEMENT,REF-912853A,PO-RZP-2417,24968.84,2026-09-08,Merchant disbursement net of platform fees,PO-912853A,matched,none,0.0
batch-synth-v1,TXN-5418,BNK-ICICI-1418,52882.07,2026-09-09,RTGS CR-516059B-BULK PAYOUT BATCH,REF-516059B,PAY-RZP-2418,49815.69,2026-09-09,Recurring subscription payout batch,PO-516059B,mismatched,unexplained_amount_delta,0.0
batch-synth-v1,TXN-5419,BNK-KOTAK-1419,4889.06,2026-09-10,UPI CR-253300C-INSTANT SETTLEMENT,REF-253300C,GW-RZP-2419,4889.06,2026-09-10,Daily automated merchant credit,PO-253300C,matched,none,0.0
batch-synth-v1,TXN-5420,BNK-SBI-1420,12447.23,2026-09-02,IMPS INWARD-487380D-MERCHANT DISBURSEMENT,REF-487380D,GW-RZP-2420,12277.27,2026-09-04,Razorpay payout Vendor settlement batch,PO-487380D,flagged,fee_and_date_drift,169.96
batch-synth-v1,TXN-5421,BNK-AXIS-1421,63911.48,2026-09-02,UPI CR-646699E-INSTANT SETTLEMENT,REF-646699E,PO-RZP-2421,63911.48,2026-09-02,Merchant disbursement net of platform fees,PO-646699E,matched,none,0.0
batch-synth-v1,TXN-5422,BNK-KOTAK-1422,9728.16,2026-09-07,UPI CR-716225F-INSTANT SETTLEMENT,REF-716225F,PAY-RZP-2422,9728.16,2026-09-07,Razorpay payout Vendor settlement batch,PO-716225F,matched,none,0.0
batch-synth-v1,TXN-5423,BNK-AXIS-1423,9146.0,2026-09-14,TRANSFER-610511G-DAILY SETTLEMENT SWEEP,REF-610511G,GW-RZP-2423,8999.53,2026-09-14,Recurring subscription payout batch,PO-610511G,flagged,gateway_fee_deduction,146.47
batch-synth-v1,TXN-5424,BNK-AXIS-1424,13106.26,2026-09-05,IMPS INWARD-257538H-MERCHANT DISBURSEMENT,REF-257538H,GW-RZP-2424,13106.26,2026-09-05,Gateway settlement auto-sweep E-Commerce,PO-257538H,matched,none,0.0
batch-synth-v1,TXN-5425,BNK-KOTAK-1425,49876.82,2026-09-06,TRANSFER-218844I-DAILY SETTLEMENT SWEEP,REF-218844I,PAY-RZP-2425,49876.82,2026-09-06,Daily automated merchant credit,PO-218844I,matched,none,0.0
batch-synth-v1,TXN-5426,BNK-AXIS-1426,16357.85,2026-09-07,NEFT CR-355506J-RAZORPAY SETTLEMENT-SaaS,REF-355506J,GW-RZP-2426,16357.85,2026-09-07,Gateway settlement auto-sweep SaaS,PO-355506J,matched,none,0.0
batch-synth-v1,TXN-5427,BNK-ICICI-1427,22324.54,2026-09-03,RTGS CR-274421K-BULK PAYOUT BATCH,REF-274421K,PAY-RZP-2427,22324.54,2026-09-03,Gateway settlement auto-sweep SaaS,PO-274421K,matched,none,0.0
batch-synth-v1,TXN-5428,BNK-KOTAK-1428,68678.46,2026-09-14,IMPS INWARD-189913L-MERCHANT DISBURSEMENT,REF-189913L,PAY-RZP-2428,30905.31,2026-09-17,Customer checkout collection settlement,PO-605065M,mismatched,severe_mismatch,0.0
batch-synth-v1,TXN-5429,BNK-ICICI-1429,74227.19,2026-09-03,ACH CR-791691M-SUBSCRIPTION POOL-Subscription,REF-791691M,PO-RZP-2429,74227.19,2026-09-03,Merchant disbursement net of platform fees,PO-791691M,matched,none,0.0
batch-synth-v1,TXN-5430,BNK-SBI-1430,2186.65,2026-09-07,NEFT CR-238635N-RAZORPAY SETTLEMENT-Enterprise,REF-238635N,PO-RZP-2430,2186.65,2026-09-07,Razorpay payout Enterprise settlement batch,PO-238635N,matched,none,0.0
batch-synth-v1,TXN-5431,BNK-KOTAK-1431,61330.66,2026-09-03,ACH CR-744610O-SUBSCRIPTION POOL-Enterprise,REF-744610O,PAY-RZP-2431,61330.66,2026-09-03,Razorpay payout Enterprise settlement batch,PO-744610O,matched,none,0.0
batch-synth-v1,TXN-5432,BNK-HDFC-1432,173982.19,2026-09-01,UPI CR-811521P-INSTANT SETTLEMENT,REF-811521P,PO-RZP-2432,173982.19,2026-09-01,Customer checkout collection settlement,PO-811521P,matched,none,0.0
batch-synth-v1,TXN-5433,BNK-SBI-1433,81305.3,2026-09-08,TRANSFER-906010Q-DAILY SETTLEMENT SWEEP,REF-906010Q,GW-RZP-2433,81305.3,2026-09-08,Merchant disbursement net of platform fees,PO-906010Q,matched,none,0.0
batch-synth-v1,TXN-5434,BNK-AXIS-1434,19263.54,2026-09-15,RTGS CR-187889R-BULK PAYOUT BATCH,REF-187889R,GW-RZP-2434,19263.54,2026-09-15,Recurring subscription payout batch,PO-187889R,matched,none,0.0
batch-synth-v1,TXN-5435,BNK-SBI-1435,18719.32,2026-09-01,NEFT CR-647923S-RAZORPAY SETTLEMENT-Subscription,REF-647923S,GW-RZP-2435,18719.32,2026-09-01,Recurring subscription payout batch,PO-647923S,matched,none,0.0
batch-synth-v1,TXN-5436,BNK-AXIS-1436,20205.04,2026-09-07,IMPS INWARD-211760T-MERCHANT DISBURSEMENT,REF-211760T,PAY-RZP-2436,19867.96,2026-09-09,Customer checkout collection settlement,PO-211760T,flagged,fee_and_date_drift,337.08
batch-synth-v1,TXN-5437,BNK-KOTAK-1437,150579.93,2026-09-04,ACH CR-678923U-SUBSCRIPTION POOL-Enterprise,REF-678923U,PO-RZP-2437,150579.93,2026-09-04,Customer checkout collection settlement,PO-678923U,matched,none,0.0
batch-synth-v1,TXN-5438,BNK-SBI-1438,6717.55,2026-09-05,UPI CR-461083V-INSTANT SETTLEMENT,REF-461083V,PAY-RZP-2438,6717.55,2026-09-05,Customer checkout collection settlement,PO-461083V,matched,none,0.0
batch-synth-v1,TXN-5439,BNK-HDFC-1439,19686.18,2026-09-03,ACH CR-324875W-SUBSCRIPTION POOL-SaaS,REF-324875W,PAY-RZP-2439,49215.45,2026-09-08,Legacy customer refund without bank tag,PO-268546X,mismatched,orphaned_gateway_record,0.0
batch-synth-v1,TXN-5440,BNK-HDFC-1440,61014.73,2026-09-02,IMPS INWARD-375871X-MERCHANT DISBURSEMENT,REF-375871X,GW-RZP-2440,58176.36,2026-09-02,Merchant disbursement net of platform fees,PO-375871X,mismatched,unexplained_amount_delta,0.0
batch-synth-v1,TXN-5441,BNK-AXIS-1441,82811.79,2026-09-01,IMPS INWARD-960072Y-MERCHANT DISBURSEMENT,REF-960072Y,PAY-RZP-2441,82811.79,2026-09-01,Daily automated merchant credit,PO-960072Y,matched,none,0.0
batch-synth-v1,TXN-5442,BNK-AXIS-1442,16593.66,2026-09-13,IMPS INWARD-399899Z-MERCHANT DISBURSEMENT,REF-399899Z,GW-RZP-2442,6344.3,2026-09-22,Unrelated ad-hoc vendor settlement,PO-137812Z,mismatched,orphaned_bank_record,0.0
batch-synth-v1,TXN-5443,BNK-ICICI-1443,4357.4,2026-09-05,RTGS CR-518836A-BULK PAYOUT BATCH,REF-518836A,PAY-RZP-2443,4357.4,2026-09-07,Daily automated merchant credit,PO-518836A,flagged,settlement_date_drift,0.0
batch-synth-v1,TXN-5444,BNK-KOTAK-1444,30409.95,2026-09-05,ACH CR-970071B-SUBSCRIPTION POOL-D2C,REF-970071B,GW-RZP-2444,30409.95,2026-09-07,Recurring subscription payout batch,PO-970071B,flagged,settlement_date_drift,0.0
batch-synth-v1,TXN-5445,BNK-ICICI-1445,49237.39,2026-09-01,TRANSFER-283537C-DAILY SETTLEMENT SWEEP,REF-283537C,PAY-RZP-2445,49237.39,2026-09-01,Recurring subscription payout batch,PO-283537C,matched,none,0.0
batch-synth-v1,TXN-5446,BNK-KOTAK-1446,8829.16,2026-09-02,RTGS CR-638220D-BULK PAYOUT BATCH,REF-638220D,GW-RZP-2446,8705.54,2026-09-04,Recurring subscription payout batch,PO-638220D,flagged,fee_and_date_drift,123.62
batch-synth-v1,TXN-5447,BNK-KOTAK-1447,82674.32,2026-09-08,ACH CR-583100E-SUBSCRIPTION POOL-D2C,REF-583100E,PO-RZP-2447,82674.32,2026-09-08,Razorpay payout D2C settlement batch,PO-583100E,matched,none,0.0
batch-synth-v1,TXN-5448,BNK-HDFC-1448,16024.71,2026-09-04,IMPS INWARD-835236F-MERCHANT DISBURSEMENT,REF-835236F,PO-RZP-2448,16024.71,2026-09-04,Merchant disbursement net of platform fees,PO-835236F,matched,none,0.0
batch-synth-v1,TXN-5449,BNK-SBI-1449,17670.05,2026-09-05,NEFT CR-401244G-RAZORPAY SETTLEMENT-E-Commerce,REF-401244G,PAY-RZP-2449,17670.05,2026-09-05,Customer checkout collection settlement,PO-401244G,matched,none,0.0
batch-synth-v1,TXN-5450,BNK-HDFC-1450,46212.28,2026-09-15,IMPS INWARD-382146H-MERCHANT DISBURSEMENT,REF-382146H,PAY-RZP-2450,46212.28,2026-09-15,Daily automated merchant credit,PO-382146H,matched,none,0.0
batch-synth-v1,TXN-5451,BNK-AXIS-1451,18518.01,2026-09-14,IMPS INWARD-316823I-MERCHANT DISBURSEMENT,REF-316823I,PAY-RZP-2451,18518.01,2026-09-14,Gateway settlement auto-sweep Vendor,PO-316823I,matched,none,0.0
batch-synth-v1,TXN-5452,BNK-KOTAK-1452,3113.89,2026-09-15,UPI CR-808640J-INSTANT SETTLEMENT,REF-808640J,PO-RZP-2452,3113.89,2026-09-15,Customer checkout collection settlement,PO-808640J,matched,none,0.0
batch-synth-v1,TXN-5453,BNK-KOTAK-1453,43925.01,2026-09-15,TRANSFER-388078K-DAILY SETTLEMENT SWEEP,REF-388078K,GW-RZP-2453,43925.01,2026-09-15,Gateway settlement auto-sweep Subscription,PO-388078K,matched,none,0.0
batch-synth-v1,TXN-5454,BNK-AXIS-1454,56544.13,2026-09-07,NEFT CR-667036L-RAZORPAY SETTLEMENT-Enterprise,REF-667036L,GW-RZP-2454,56544.13,2026-09-07,Recurring subscription payout batch,PO-667036L,matched,none,0.0
batch-synth-v1,TXN-5455,BNK-AXIS-1455,32222.09,2026-09-09,UPI CR-430984M-INSTANT SETTLEMENT,REF-430984M,PAY-RZP-2455,31661.66,2026-09-09,Razorpay payout Enterprise settlement batch,PO-430984M,flagged,gateway_fee_deduction,560.43
batch-synth-v1,TXN-5456,BNK-KOTAK-1456,15513.06,2026-09-05,RTGS CR-675210N-BULK PAYOUT BATCH,REF-675210N,GW-RZP-2456,15513.06,2026-09-07,Gateway settlement auto-sweep E-Commerce,PO-675210N,flagged,settlement_date_drift,0.0
batch-synth-v1,TXN-5457,BNK-SBI-1457,5658.05,2026-09-12,RTGS CR-490394O-BULK PAYOUT BATCH,REF-490394O,GW-RZP-2457,5658.05,2026-09-12,Customer checkout collection settlement,PO-490394O,matched,none,0.0
batch-synth-v1,TXN-5458,BNK-AXIS-1458,24492.18,2026-09-11,NEFT CR-953740P-RAZORPAY SETTLEMENT-E-Commerce,REF-953740P,GW-RZP-2458,24492.18,2026-09-11,Daily automated merchant credit,PO-953740P,matched,none,0.0
batch-synth-v1,TXN-5459,BNK-ICICI-1459,9831.64,2026-09-03,IMPS INWARD-874417Q-MERCHANT DISBURSEMENT,REF-874417Q,PAY-RZP-2459,9699.77,2026-09-03,Customer checkout collection settlement,PO-874417Q,flagged,gateway_fee_deduction,131.87
batch-synth-v1,TXN-5460,BNK-ICICI-1460,18153.73,2026-09-13,RTGS CR-414608R-BULK PAYOUT BATCH,REF-414608R,PAY-RZP-2460,18153.73,2026-09-13,Recurring subscription payout batch,PO-414608R,matched,none,0.0
batch-synth-v1,TXN-5461,BNK-AXIS-1461,73829.08,2026-09-08,NEFT CR-760458S-RAZORPAY SETTLEMENT-B2B Services,REF-760458S,GW-RZP-2461,73829.08,2026-09-08,Customer checkout collection settlement,PO-760458S,matched,none,0.0
batch-synth-v1,TXN-5462,BNK-SBI-1462,14158.54,2026-09-13,NEFT CR-460857T-RAZORPAY SETTLEMENT-Vendor,REF-460857T,PO-RZP-2462,14158.54,2026-09-13,Customer checkout collection settlement,PO-460857T,matched,none,0.0
batch-synth-v1,TXN-5463,BNK-SBI-1463,59553.67,2026-09-11,RTGS CR-283017U-BULK PAYOUT BATCH,REF-283017U,PAY-RZP-2463,59553.67,2026-09-11,Merchant disbursement net of platform fees,PO-283017U,matched,none,0.0
batch-synth-v1,TXN-5464,BNK-KOTAK-1464,29704.45,2026-09-10,UPI CR-586279V-INSTANT SETTLEMENT,REF-586279V,PO-RZP-2464,29704.45,2026-09-10,Gateway settlement auto-sweep Vendor,PO-586279V,matched,none,0.0
batch-synth-v1,TXN-5465,BNK-SBI-1465,75934.05,2026-09-02,RTGS CR-269868W-BULK PAYOUT BATCH,REF-269868W,PO-RZP-2465,75934.05,2026-09-02,Gateway settlement auto-sweep SaaS,PO-269868W,matched,none,0.0
batch-synth-v1,TXN-5466,BNK-SBI-1466,7053.07,2026-09-11,TRANSFER-384424X-DAILY SETTLEMENT SWEEP,REF-384424X,PAY-RZP-2466,7053.07,2026-09-11,Merchant disbursement net of platform fees,PO-384424X,matched,none,0.0
batch-synth-v1,TXN-5467,BNK-AXIS-1467,1065.98,2026-09-12,RTGS CR-794180Y-BULK PAYOUT BATCH,REF-794180Y,GW-RZP-2467,1065.98,2026-09-12,Daily automated merchant credit,PO-794180Y,matched,none,0.0
batch-synth-v1,TXN-5468,BNK-ICICI-1468,2841.07,2026-09-15,NEFT CR-675074Z-RAZORPAY SETTLEMENT-Enterprise,REF-675074Z,GW-RZP-2468,2841.07,2026-09-15,Razorpay payout Enterprise settlement batch,PO-675074Z,matched,none,0.0
batch-synth-v1,TXN-5469,BNK-KOTAK-1469,15643.5,2026-09-02,RTGS CR-508783A-BULK PAYOUT BATCH,REF-508783A,GW-RZP-2469,15363.47,2026-09-02,Gateway settlement auto-sweep D2C,PO-508783A,flagged,gateway_fee_deduction,280.03
batch-synth-v1,TXN-5470,BNK-ICICI-1470,4679.9,2026-09-01,RTGS CR-474175B-BULK PAYOUT BATCH,REF-474175B,GW-RZP-2470,4679.9,2026-09-01,Customer checkout collection settlement,PO-474175B,matched,none,0.0
batch-synth-v1,TXN-5471,BNK-KOTAK-1471,3810.32,2026-09-12,ACH CR-285636C-SUBSCRIPTION POOL-Subscription,REF-285636C,PO-RZP-2471,3810.32,2026-09-12,Recurring subscription payout batch,PO-285636C,matched,none,0.0
batch-synth-v1,TXN-5472,BNK-KOTAK-1472,16168.44,2026-09-05,ACH CR-605048D-SUBSCRIPTION POOL-Vendor,REF-605048D,PO-RZP-2472,16168.44,2026-09-05,Gateway settlement auto-sweep Vendor,PO-605048D,matched,none,0.0
batch-synth-v1,TXN-5473,BNK-AXIS-1473,6865.27,2026-09-05,ACH CR-100096E-SUBSCRIPTION POOL-SaaS,REF-100096E,PO-RZP-2473,6865.27,2026-09-07,Gateway settlement auto-sweep SaaS,PO-100096E,flagged,settlement_date_drift,0.0
batch-synth-v1,TXN-5474,BNK-KOTAK-1474,70328.36,2026-09-05,TRANSFER-903072F-DAILY SETTLEMENT SWEEP,REF-903072F,GW-RZP-2474,70328.36,2026-09-05,Merchant disbursement net of platform fees,PO-903072F,matched,none,0.0
batch-synth-v1,TXN-5475,BNK-HDFC-1475,10587.53,2026-09-09,IMPS INWARD-513927G-MERCHANT DISBURSEMENT,REF-513927G,PAY-RZP-2475,10587.53,2026-09-09,Gateway settlement auto-sweep Enterprise,PO-513927G,matched,none,0.0
batch-synth-v1,TXN-5476,BNK-AXIS-1476,10844.86,2026-09-04,ACH CR-901676H-SUBSCRIPTION POOL-Subscription,REF-901676H,GW-RZP-2476,10844.86,2026-09-04,Daily automated merchant credit,PO-901676H,matched,none,0.0
batch-synth-v1,TXN-5477,BNK-SBI-1477,49774.23,2026-09-14,IMPS INWARD-291267I-MERCHANT DISBURSEMENT,REF-291267I,PAY-RZP-2477,46817.44,2026-09-14,Merchant disbursement net of platform fees,PO-291267I,mismatched,unexplained_amount_delta,0.0
batch-synth-v1,TXN-5478,BNK-SBI-1478,26163.72,2026-09-01,IMPS INWARD-123205J-MERCHANT DISBURSEMENT,REF-123205J,PAY-RZP-2478,26163.72,2026-09-01,Razorpay payout Subscription settlement batch,PO-123205J,matched,none,0.0
batch-synth-v1,TXN-5479,BNK-SBI-1479,38968.63,2026-09-03,IMPS INWARD-617555K-MERCHANT DISBURSEMENT,REF-617555K,GW-RZP-2479,38968.63,2026-09-03,Merchant disbursement net of platform fees,PO-617555K,matched,none,0.0
batch-synth-v1,TXN-5480,BNK-SBI-1480,72485.48,2026-09-06,IMPS INWARD-984522L-MERCHANT DISBURSEMENT,REF-984522L,PO-RZP-2480,72485.48,2026-09-08,Razorpay payout SaaS settlement batch,PO-984522L,flagged,settlement_date_drift,0.0
batch-synth-v1,TXN-5481,BNK-KOTAK-1481,22444.62,2026-09-05,NEFT CR-500112M-RAZORPAY SETTLEMENT-B2B Services,REF-500112M,PO-RZP-2481,22444.62,2026-09-05,Razorpay payout B2B Services settlement batch,PO-500112M,matched,none,0.0
batch-synth-v1,TXN-5482,BNK-AXIS-1482,24866.12,2026-09-04,NEFT CR-871041N-RAZORPAY SETTLEMENT-Enterprise,REF-871041N,PO-RZP-2482,24866.12,2026-09-04,Recurring subscription payout batch,PO-871041N,matched,none,0.0
batch-synth-v1,TXN-5483,BNK-AXIS-1483,44383.79,2026-09-11,UPI CR-144235O-INSTANT SETTLEMENT,REF-144235O,PO-RZP-2483,43057.21,2026-09-11,Recurring subscription payout batch,PO-144235O,mismatched,unexplained_amount_delta,0.0
batch-synth-v1,TXN-5484,BNK-ICICI-1484,38067.29,2026-09-02,TRANSFER-763653P-DAILY SETTLEMENT SWEEP,REF-763653P,PO-RZP-2484,38067.29,2026-09-02,Merchant disbursement net of platform fees,PO-763653P,matched,none,0.0
batch-synth-v1,TXN-5485,BNK-ICICI-1485,10197.3,2026-09-04,ACH CR-144033Q-SUBSCRIPTION POOL-SaaS,REF-144033Q,PO-RZP-2485,10197.3,2026-09-04,Daily automated merchant credit,PO-144033Q,matched,none,0.0
batch-synth-v1,TXN-5486,BNK-KOTAK-1486,2692.26,2026-09-03,UPI CR-195841R-INSTANT SETTLEMENT,REF-195841R,GW-RZP-2486,2692.26,2026-09-03,Recurring subscription payout batch,PO-195841R,matched,none,0.0
batch-synth-v1,TXN-5487,BNK-HDFC-1487,4271.0,2026-09-09,IMPS INWARD-212608S-MERCHANT DISBURSEMENT,REF-212608S,GW-RZP-2487,4271.0,2026-09-09,Customer checkout collection settlement,PO-212608S,matched,none,0.0
batch-synth-v1,TXN-5488,BNK-SBI-1488,73331.52,2026-09-08,NEFT CR-302338T-RAZORPAY SETTLEMENT-D2C,REF-302338T,PAY-RZP-2488,73331.52,2026-09-10,Daily automated merchant credit,PO-302338T,flagged,settlement_date_drift,0.0
batch-synth-v1,TXN-5489,BNK-SBI-1489,11218.75,2026-09-05,TRANSFER-830897U-DAILY SETTLEMENT SWEEP,REF-830897U,GW-RZP-2489,11218.75,2026-09-05,Gateway settlement auto-sweep Subscription,PO-830897U,matched,none,0.0
batch-synth-v1,TXN-5490,BNK-KOTAK-1490,11975.67,2026-09-14,ACH CR-727761V-SUBSCRIPTION POOL-B2B Services,REF-727761V,PO-RZP-2490,11975.67,2026-09-14,Gateway settlement auto-sweep B2B Services,PO-727761V,matched,none,0.0
batch-synth-v1,TXN-5491,BNK-KOTAK-1491,20575.75,2026-09-09,NEFT CR-576136W-RAZORPAY SETTLEMENT-Vendor,REF-576136W,GW-RZP-2491,20266.45,2026-09-10,Daily automated merchant credit,PO-576136W,flagged,fee_and_date_drift,309.3
batch-synth-v1,TXN-5492,BNK-KOTAK-1492,68260.21,2026-09-11,TRANSFER-958835X-DAILY SETTLEMENT SWEEP,REF-958835X,PO-RZP-2492,67067.99,2026-09-12,Gateway settlement auto-sweep Subscription,PO-958835X,flagged,fee_and_date_drift,1192.22
batch-synth-v1,TXN-5493,BNK-SBI-1493,56392.03,2026-09-02,IMPS INWARD-975763Y-MERCHANT DISBURSEMENT,REF-975763Y,PO-RZP-2493,55283.19,2026-09-02,Gateway settlement auto-sweep SaaS,PO-975763Y,mismatched,unexplained_amount_delta,0.0
batch-synth-v1,TXN-5494,BNK-ICICI-1494,16222.92,2026-09-07,ACH CR-613707Z-SUBSCRIPTION POOL-D2C,REF-613707Z,GW-RZP-2494,16222.92,2026-09-07,Recurring subscription payout batch,PO-613707Z,matched,none,0.0
batch-synth-v1,TXN-5495,BNK-HDFC-1495,18087.21,2026-09-01,TRANSFER-787603A-DAILY SETTLEMENT SWEEP,REF-787603A,PO-RZP-2495,18087.21,2026-09-01,Razorpay payout E-Commerce settlement batch,PO-787603A,matched,none,0.0
batch-synth-v1,TXN-5496,BNK-HDFC-1496,23486.97,2026-09-07,UPI CR-486996B-INSTANT SETTLEMENT,REF-486996B,PO-RZP-2496,23486.97,2026-09-07,Razorpay payout B2B Services settlement batch,PO-486996B,matched,none,0.0
batch-synth-v1,TXN-5497,BNK-KOTAK-1497,29676.12,2026-09-04,NEFT CR-201836C-RAZORPAY SETTLEMENT-Subscription,REF-201836C,GW-RZP-2497,29676.12,2026-09-04,Daily automated merchant credit,PO-201836C,matched,none,0.0
batch-synth-v1,TXN-5498,BNK-KOTAK-1498,13391.7,2026-09-04,IMPS INWARD-755700D-MERCHANT DISBURSEMENT,REF-755700D,PO-RZP-2498,13391.7,2026-09-04,Recurring subscription payout batch,PO-755700D,matched,none,0.0
batch-synth-v1,TXN-5499,BNK-HDFC-1499,17025.07,2026-09-12,NEFT CR-547820E-RAZORPAY SETTLEMENT-D2C,REF-547820E,PAY-RZP-2499,17025.07,2026-09-12,Gateway settlement auto-sweep D2C,PO-547820E,matched,none,0.0
batch-synth-v1,TXN-5500,BNK-KOTAK-1500,16609.53,2026-09-09,RTGS CR-564531F-BULK PAYOUT BATCH,REF-564531F,PO-RZP-2500,16609.53,2026-09-09,Merchant disbursement net of platform fees,PO-564531F,matched,none,0.0
batch-synth-v1,TXN-5501,BNK-SBI-1501,68552.06,2026-09-10,ACH CR-690500G-SUBSCRIPTION POOL-E-Commerce,REF-690500G,PO-RZP-2501,68552.06,2026-09-10,Gateway settlement auto-sweep E-Commerce,PO-690500G,matched,none,0.0
batch-synth-v1,TXN-5502,BNK-KOTAK-1502,24060.47,2026-09-08,UPI CR-100205H-INSTANT SETTLEMENT,REF-100205H,PAY-RZP-2502,24060.47,2026-09-08,Razorpay payout Enterprise settlement batch,PO-100205H,matched,none,0.0
batch-synth-v1,TXN-5503,BNK-KOTAK-1503,24838.59,2026-09-05,IMPS INWARD-414922I-MERCHANT DISBURSEMENT,REF-414922I,GW-RZP-2503,24838.59,2026-09-05,Gateway settlement auto-sweep SaaS,PO-414922I,matched,none,0.0
batch-synth-v1,TXN-5504,BNK-HDFC-1504,169359.8,2026-09-10,NEFT CR-262230J-RAZORPAY SETTLEMENT-Subscription,REF-262230J,PAY-RZP-2504,169359.8,2026-09-10,Razorpay payout Subscription settlement batch,PO-262230J,matched,none,0.0
batch-synth-v1,TXN-5505,BNK-SBI-1505,9493.53,2026-09-10,RTGS CR-344312K-BULK PAYOUT BATCH,REF-344312K,GW-RZP-2505,9493.53,2026-09-10,Merchant disbursement net of platform fees,PO-344312K,matched,none,0.0
batch-synth-v1,TXN-5506,BNK-KOTAK-1506,5827.21,2026-09-02,TRANSFER-440464L-DAILY SETTLEMENT SWEEP,REF-440464L,PO-RZP-2506,5827.21,2026-09-02,Gateway settlement auto-sweep D2C,PO-440464L,matched,none,0.0
batch-synth-v1,TXN-5507,BNK-KOTAK-1507,7859.63,2026-09-12,TRANSFER-704277M-DAILY SETTLEMENT SWEEP,REF-704277M,GW-RZP-2507,7859.63,2026-09-12,Razorpay payout B2B Services settlement batch,PO-704277M,matched,none,0.0
batch-synth-v1,TXN-5508,BNK-SBI-1508,80814.77,2026-09-02,IMPS INWARD-907812N-MERCHANT DISBURSEMENT,REF-907812N,PO-RZP-2508,80814.77,2026-09-02,Daily automated merchant credit,PO-907812N,matched,none,0.0
batch-synth-v1,TXN-5509,BNK-AXIS-1509,1508.97,2026-09-09,RTGS CR-256846O-BULK PAYOUT BATCH,REF-256846O,GW-RZP-2509,1508.97,2026-09-09,Recurring subscription payout batch,PO-256846O,matched,none,0.0
batch-synth-v1,TXN-5510,BNK-ICICI-1510,245221.64,2026-09-13,ACH CR-703198P-SUBSCRIPTION POOL-Subscription,REF-703198P,GW-RZP-2510,245221.64,2026-09-13,Razorpay payout Subscription settlement batch,PO-703198P,matched,none,0.0
batch-synth-v1,TXN-5511,BNK-AXIS-1511,45170.09,2026-09-08,NEFT CR-881519Q-RAZORPAY SETTLEMENT-Subscription,REF-881519Q,PO-RZP-2511,45170.09,2026-09-08,Recurring subscription payout batch,PO-881519Q,matched,none,0.0
batch-synth-v1,TXN-5512,BNK-SBI-1512,11145.03,2026-09-12,IMPS INWARD-899049R-MERCHANT DISBURSEMENT,REF-899049R,GW-RZP-2512,10993.63,2026-09-14,Customer checkout collection settlement,PO-899049R,flagged,fee_and_date_drift,151.4
batch-synth-v1,TXN-5513,BNK-KOTAK-1513,39538.91,2026-09-05,RTGS CR-550956S-BULK PAYOUT BATCH,REF-550956S,PAY-RZP-2513,39538.91,2026-09-05,Daily automated merchant credit,PO-550956S,matched,none,0.0
batch-synth-v1,TXN-5514,BNK-HDFC-1514,9449.06,2026-09-04,ACH CR-461260T-SUBSCRIPTION POOL-Vendor,REF-461260T,PAY-RZP-2514,9449.06,2026-09-04,Daily automated merchant credit,PO-461260T,matched,none,0.0
batch-synth-v1,TXN-5515,BNK-SBI-1515,84409.55,2026-09-08,TRANSFER-252901U-DAILY SETTLEMENT SWEEP,REF-252901U,GW-RZP-2515,84409.55,2026-09-08,Razorpay payout Subscription settlement batch,PO-252901U,matched,none,0.0
batch-synth-v1,TXN-5516,BNK-ICICI-1516,19064.48,2026-09-14,UPI CR-217830V-INSTANT SETTLEMENT,REF-217830V,PAY-RZP-2516,19064.48,2026-09-14,Razorpay payout SaaS settlement batch,PO-217830V,matched,none,0.0
batch-synth-v1,TXN-5517,BNK-KOTAK-1517,25824.0,2026-09-12,RTGS CR-216683W-BULK PAYOUT BATCH,REF-216683W,GW-RZP-2517,25824.0,2026-09-12,Customer checkout collection settlement,PO-216683W,matched,none,0.0
batch-synth-v1,TXN-5518,BNK-HDFC-1518,13681.13,2026-09-04,RTGS CR-648684X-BULK PAYOUT BATCH,REF-648684X,PO-RZP-2518,13681.13,2026-09-04,Recurring subscription payout batch,PO-648684X,matched,none,0.0
batch-synth-v1,TXN-5519,BNK-KOTAK-1519,65095.63,2026-09-07,ACH CR-795759Y-SUBSCRIPTION POOL-Subscription,REF-795759Y,PAY-RZP-2519,65095.63,2026-09-07,Razorpay payout Subscription settlement batch,PO-795759Y,matched,none,0.0
batch-synth-v1,TXN-5520,BNK-ICICI-1520,19835.12,2026-09-10,TRANSFER-155663Z-DAILY SETTLEMENT SWEEP,REF-155663Z,GW-RZP-2520,19835.12,2026-09-10,Daily automated merchant credit,PO-155663Z,matched,none,0.0
